Title,Link,Info,Learn,AR,AU,BR,CA,DE,ES,FI,FR,ID,IE,IN,KR,MX,MY,NL,NZ,PL,SE,SG,TR,UK,US,ZA,Viki Title
100 Days My Prince,Viki,MDL,L,S,S,S,S,S,S,S,S,x,S,S,x,S,x,S,S,S,S,x,S,S,S,x,100 Days My Prince
2013 MBC Drama Festival,Viki,,,P,x,P,P,x,x,x,x,x,x,x,x,P,x,x,x,x,x,x,x,x,P,x,2013 MBC Drama Festival
2014 MBC Drama Festival,Viki,,,P,x,P,P,x,x,x,x,x,x,x,x,P,x,x,x,x,x,x,x,x,P,x,2014 MBC Drama Festival
2017 KBS Drama Special ,Viki,,,P,x,P,P,x,x,x,x,x,x,x,x,P,x,x,x,x,x,x,x,x,P,x,2017 KBS Drama Special 
2018 KBS Drama Special,Viki,MDL,,P,x,P,P,x,x,x,x,x,x,x,x,S,x,x,x,x,x,x,x,x,P,x,2018 KBS Drama Special
2020 KBS Drama Special,Viki,,,P,x,P,P,x,x,x,x,x,x,x,x,P,x,x,x,x,x,x,x,x,P,x,2020 KBS Drama Special
20th Century Boy and Girl,Viki,MDL,L,P,S,P,P,S,S,S,S,x,S,x,x,S,x,S,S,S,S,x,S,S,P,x,20th Century Boy and Girl
3 Days,Viki,MDL,L,P,x,P,P,x,x,x,x,x,x,x,x,P,x,x,x,x,x,x,x,x,P,x,Three Days
365: Repeat the Year,Viki,MDL,,P,x,P,P,x,x,x,x,x,x,x,x,P,x,x,x,x,x,x,x,x,P,x,365: Repeat the Year
A Beautiful Mind,Viki,MDL,L,P,x,P,P,S,S,S,S,x,x,S,x,P,x,S,x,S,S,x,S,S,P,x,A Beautiful Mind
A Gentleman’s Dignity,Viki,MDL,L,P,x,P,P,x,x,x,x,x,x,x,x,S,x,x,x,x,x,x,x,x,P,x,A Gentleman’s Dignity
A Good Supper ,Viki,,,P,x,P,P,x,x,x,x,x,x,x,x,P,x,x,x,x,x,x,x,x,P,x,A Good Supper 
A Hundred Year's Inheritance,Viki,MDL,L,P,x,P,P,x,x,x,x,x,x,x,x,S,x,x,x,x,x,x,x,x,P,x,100 Year Legacy
A Korean Odyssey,Viki,MDL,L,S,x,S,S,x,x,x,x,x,x,x,x,S,x,x,x,x,x,x,x,x,S,x,Hwayugi
A Love to Kill,Viki,MDL,,P,x,P,P,x,x,x,x,x,x,x,x,S,x,x,x,x,x,x,x,x,P,x,A Love to Kill
A Man in a Veil ,Viki,,,P,x,P,P,x,x,x,x,x,x,x,x,P,x,x,x,x,x,x,x,x,P,x,A Man in a Veil 
A New Leaf,Viki,MDL,L,P,x,P,P,x,x,x,x,x,x,x,x,S,x,x,x,x,x,x,x,x,P,x,Repentance
A Piece of Your Mind,Viki,MDL,L,S,S,S,S,S,S,S,S,x,S,S,x,S,x,S,S,S,S,x,S,S,S,x,A Piece of Your Mind
A Pledge to God,Viki,MDL,,P,x,P,P,x,x,x,x,x,x,x,x,S,x,x,x,x,x,x,x,x,P,x,A Pledge to God
A Wife’s Credentials,Viki,MDL,,S,S,S,S,S,S,S,S,x,S,S,x,S,x,S,S,S,S,x,S,S,S,x,A Wife’s Credentials
A Witch’s Romance,Viki,MDL,L,S,S,S,S,S,S,S,S,x,S,S,x,S,x,S,S,S,S,x,S,S,S,x,A Witch’s Romance
A Word From Warm Heart,Viki,MDL,L,P,S,P,P,S,S,S,S,x,S,S,x,P,x,S,S,S,S,x,S,S,P,x,A Word From Warm Heart
About Time,Viki,MDL,L,S,S,S,S,S,S,S,S,x,S,S,x,S,x,S,S,S,S,x,S,S,S,x,About Time
Advertising Genius Lee Tae Baek,Viki,MDL,,P,x,P,P,x,x,x,x,x,x,x,x,P,x,x,x,x,x,x,x,x,P,x,AD Genius Lee TaeBaek
Alice,Viki,,,P,x,P,P,S,S,S,S,x,S,S,x,P,x,S,x,S,S,x,S,S,P,x,Alice
Alive,Viki,,,P,x,P,P,x,x,x,x,x,x,x,x,P,x,x,x,x,x,x,x,x,P,x,Alive
All About My Mom,Viki,MDL,L,P,x,P,P,S,S,S,S,x,x,S,x,S,x,S,x,S,S,x,S,S,P,x,All About My Mom
All About My Romance,Viki,MDL,,x,S,P,P,S,S,S,S,x,S,S,x,x,x,S,S,S,S,x,S,S,P,x,All About My Romance
All In,Viki,,,P,x,P,P,x,x,x,x,x,x,x,x,P,x,x,x,x,x,x,x,x,P,x,All In
Amor Fati,Viki,,,P,x,P,P,x,x,x,x,x,x,x,x,P,x,x,x,x,x,x,x,x,P,x,Amor Fati
Angel Eyes,Viki,MDL,,P,S,P,P,S,S,S,S,x,S,S,x,P,x,S,S,S,S,x,S,S,P,x,Angel Eyes
Angel’s Last Mission: Love,Viki,MDL,L,P,x,P,P,S,S,S,S,S,x,S,x,S,S,S,x,S,S,S,S,S,P,x,Angel’s Last Mission: Love
Angry Mom,Viki,MDL,L,P,x,P,P,x,x,x,x,x,x,x,x,S,x,x,x,x,x,x,x,x,P,x,Angry Mom
Another Miss Oh,Viki,MDL,,S,S,S,S,S,S,S,S,x,S,S,x,S,x,S,S,S,S,x,S,S,S,x,Another Oh Hae Young
Arang and the Magistrate,Viki,MDL,,P,x,P,P,x,x,x,x,x,x,x,x,S,x,x,x,x,x,x,x,x,P,x,Tale of Arang
Are You Human Too?,Viki,MDL,L,S,S,S,S,S,S,S,S,S,S,S,x,S,S,S,S,S,S,S,x,S,S,x,Are You Human Too?
Arim Inn the Forest,Viki,MDL,,P,x,P,P,x,x,x,x,x,x,x,x,S,x,x,x,x,x,x,x,x,P,x,Arim Inn the Forest
Assembly,Viki,MDL,L,P,x,P,P,S,S,S,S,x,x,S,x,P,x,S,x,S,S,x,S,S,P,x,Assembly
Awaken,Viki,,,S,S,S,S,S,S,S,S,x,S,S,x,S,x,S,S,S,S,x,S,S,S,x,Awaken
Baby-faced Beauty,Viki,MDL,,P,x,P,P,x,x,x,x,x,x,x,x,S,x,x,x,x,x,x,x,x,P,x,Babyfaced Beauty
Babysitter,Viki,MDL,,P,x,P,P,x,x,x,x,x,x,x,x,P,x,x,x,x,x,x,x,x,P,x,Babysitter
Bad Couple,Viki,MDL,,P,x,P,P,x,x,x,x,x,x,x,x,P,x,x,x,x,x,x,x,x,P,x,Bad Couple
Bad Guy,Viki,MDL,,P,x,P,P,x,x,x,x,x,x,x,x,S,x,x,x,x,x,x,x,x,P,x,Bad Boy
Bad Papa,Viki,MDL,,P,x,P,P,x,x,x,x,x,x,x,x,S,x,x,x,x,x,x,x,x,P,x,Bad Papa
"Bad Thief, Good Thief",Viki,MDL,,S,x,S,S,x,x,x,x,x,x,x,x,S,x,x,x,x,x,x,x,x,S,x,"Bad Thief, Good Thief"
Baek Hee Has Returned,Viki,MDL,,P,x,P,P,x,x,x,x,x,x,x,x,S,x,x,x,x,x,x,x,x,P,x,Becky’s Back
Bagel Girl,Viki,,,S,S,S,S,S,S,S,S,x,S,S,x,S,x,S,S,S,S,x,S,S,S,x,Bagel Girl
Band of Sisters,Viki,MDL,,S,S,S,S,S,S,S,S,x,S,S,x,S,x,S,S,S,S,x,S,S,S,x,Sister Is Alive
Bank of Seoul,Viki,MDL,,P,x,P,P,x,x,x,x,x,x,x,x,P,x,x,x,x,x,x,x,x,P,x,Bank of Seoul
Be Arrogant,Viki,MDL,,S,S,S,S,S,S,S,S,S,S,S,x,S,S,S,S,S,S,S,S,S,S,S,Be Arrogant
Be Melodramatic,Viki,MDL,L,S,S,S,S,S,S,S,S,x,S,S,x,S,x,S,S,S,S,x,S,S,S,x,Melo is My Nature
Be My Dream Family,Viki,,,P,x,P,P,x,x,x,x,x,x,x,x,P,x,x,x,x,x,x,x,x,P,x,Be My Dream Family
Beautiful Gong Shim,Viki,MDL,,P,S,P,P,S,S,S,S,x,S,S,x,S,x,S,S,S,S,x,S,S,P,x,Dear Fair Lady Kong Shim
"Beautiful Love, Wonderful Life",Viki,MDL,,P,x,P,P,S,S,S,S,x,x,S,x,P,x,S,x,S,S,x,S,S,P,x,"Beautiful Love, Wonderful Life"
Beautiful World,Viki,MDL,L,S,S,S,S,S,S,S,S,x,S,S,x,S,x,S,S,S,S,x,S,S,S,x,Beautiful World
Beauty Inside,Viki,MDL,L,S,S,S,S,S,S,S,S,x,S,S,x,S,x,S,S,S,S,x,S,S,S,x,Beauty Inside
Because This is My First Life,Viki,MDL,L,S,x,S,S,S,S,S,S,x,S,S,x,S,x,S,x,S,S,x,S,S,S,x,Because This is My First Life
Bel Ami,Viki,MDL,,P,x,P,P,S,S,x,S,x,x,S,x,S,x,S,x,S,S,x,x,S,P,x,Bel Ami
Best Chicken,Viki,MDL,,S,S,S,S,S,S,S,S,x,S,S,x,S,x,S,S,S,S,x,S,S,S,S,The Best Chicken
Best Mistake,Viki,MDL,L,S,S,S,S,S,S,S,S,x,S,S,x,S,x,S,S,S,S,x,S,S,S,x,Best Mistake
Best Mistake 2,Viki,,,S,S,S,S,S,S,S,S,S,S,S,x,S,S,S,S,S,S,S,S,S,S,x,Best Mistake 2
Beyond Evil,Viki,,L,S,S,S,S,S,S,S,S,x,S,S,x,S,x,S,S,S,S,x,S,S,S,x,Beyond Evil
Big,Viki,MDL,L,P,x,P,P,x,x,x,x,x,x,x,x,S,x,x,x,x,x,x,x,x,P,x,Big
Big Heat,Viki,MDL,,S,S,S,S,S,S,S,S,S,S,S,x,S,S,S,S,S,S,S,S,S,S,S,Big Heat
Big Issue,Viki,MDL,,P,S,P,P,S,S,S,S,x,S,S,x,S,x,S,S,S,S,x,S,S,P,x,Big Issue
Birdie Buddy,Viki,MDL,L,S,S,S,S,S,S,S,S,S,S,S,x,S,S,S,S,S,S,S,S,S,S,S,Birdie Buddy
Birth of the Beauty,Viki,MDL,L,P,S,P,P,S,S,S,S,S,S,S,x,S,S,x,S,S,S,S,S,S,P,x,Birth of the Beauty
Birth Secret,Viki,MDL,,P,x,P,P,x,x,x,x,x,x,x,x,P,x,S,x,x,x,x,x,x,P,x,Birth Secret
Black Dog,Viki,MDL,,S,S,S,S,S,S,S,S,x,S,S,x,S,x,S,S,S,S,x,S,S,S,x,Black Dog
Black Knight: The Man Who Guards Me,Viki,MDL,,P,x,P,P,S,S,S,S,x,x,S,x,S,x,S,x,S,S,x,S,S,P,x,Black Knight
Blade Man,Viki,MDL,,P,x,P,P,S,S,x,S,x,x,S,x,x,x,S,x,S,S,x,x,S,P,x,Blade Man
Blood,Viki,MDL,L,P,x,P,P,S,S,S,S,S,s,S,x,S,S,S,x,S,S,S,S,S,P,x,Blood
Boarding House #24,Viki,MDL,,S,S,S,S,S,S,S,S,x,S,x,x,S,x,S,S,S,S,x,S,S,S,x,Boarding House 24
Borg Mom,Viki,MDL,,P,x,P,P,x,x,x,x,x,x,x,x,S,x,x,x,x,x,x,x,x,P,x,Borg Mom
Born Again,Viki,MDL,L,P,x,P,P,S,S,S,S,x,x,S,x,P,x,S,x,S,S,x,S,S,P,x,Born Again
Bossam - Steal the Fate,Viki,,L,S,S,S,S,S,S,S,S,x,S,S,x,S,x,S,S,S,S,x,S,S,S,x,Bossam - Steal the Fate
Boys Over Flowers,Viki,MDL,L,S,S,S,S,S,S,S,S,S,S,S,x,S,S,S,S,S,S,S,S,S,S,S,Boys Over Flowers
Brain,Viki,MDL,L,P,x,P,P,x,x,x,x,x,x,x,x,P,x,x,x,x,x,x,x,x,P,x,Brain
Bravo My Life,Viki,MDL,,P,S,P,P,S,S,S,S,x,S,S,x,S,x,S,S,S,S,x,S,S,P,x,Bravo My Life
Bride of the Century,Viki,MDL,,S,S,S,S,S,S,S,S,S,S,S,x,S,S,S,S,S,S,S,S,S,S,x,Bride of the Century
Brilliant Heritage,Viki,MDL,,P,x,P,P,x,x,x,x,x,x,x,x,P,x,x,x,x,x,x,x,x,P,x,Brilliant Heritage
"Bring It On, Ghost",Viki,MDL,,S,S,S,S,S,S,S,S,x,S,S,x,S,x,S,S,S,S,x,S,S,S,x,"Bring It On, Ghost"
Cafe Kilimanjaro,Viki,,L,S,S,S,S,S,S,S,S,S,S,S,x,S,S,S,S,S,S,S,S,S,S,x,Cafe Kilimanjaro
Cafe Midnight,Viki,,,S,S,S,S,S,S,S,S,x,S,S,x,S,x,S,S,S,S,x,S,S,S,x,Cafe Midnight
Cafe Midnight Season 2: Hip Up! Hit Up!,Viki,,,S,S,S,S,S,S,S,S,x,S,S,x,S,x,S,S,S,S,x,S,S,S,x,Cafe Midnight Season 2: Hip Up! Hit Up!
Cafe Midnight Season 3: The Curious Stalker,Viki,,,S,S,S,S,S,S,S,S,x,S,S,x,S,x,S,S,S,S,x,S,S,P,x,Cafe Midnight Season 3: The Curious Stalker
Cain and Abel,Viki,MDL,,P,x,P,P,x,x,x,x,x,x,x,x,S,x,x,x,x,x,x,x,x,P,x,Cain and Abel
Call of the Country,Viki,MDL,,P,x,P,P,x,x,x,x,x,x,x,x,S,x,x,x,x,x,x,x,x,P,x,Secret Agent Miss Oh
Can Love Be Refunded,Viki,,,P,x,P,P,x,x,x,x,x,x,x,x,P,x,x,x,x,x,x,x,x,P,x,Can Love Be Refunded
Can We Get Married?,Viki,MDL,,S,S,S,S,S,S,S,S,x,S,S,x,S,x,S,S,S,S,x,S,S,S,x,Can We Get Married?
Can We Love?,Viki,MDL,,S,S,S,S,S,S,S,S,x,S,S,x,S,x,S,S,S,S,x,S,S,S,x,Can We Love?
Can You Hear My Heart,Viki,MDL,,P,x,P,P,x,x,x,x,x,x,x,x,P,x,x,x,x,x,x,x,x,P,x,Listen to My Heart
Capital Scandal,Viki,,,P,x,P,P,x,x,x,x,x,x,x,x,P,x,x,x,x,x,x,x,x,P,x,Capital Scandal
Cast,Viki,,,P,x,P,P,x,x,x,x,x,x,x,x,P,x,x,x,x,x,x,x,x,P,x,Cast
"Cheat On Me, If You Can",Viki,,,P,x,P,P,S,S,S,S,x,x,x,x,P,x,S,x,S,S,x,S,S,P,x,"Cheat On Me, If You Can"
Cheese in the Trap,Viki,MDL,L,S,S,S,S,S,S,S,S,x,S,S,x,S,x,S,S,S,S,x,S,S,S,x,Cheese in the Trap
Cheongdamdong Alice,Viki,MDL,L,P,x,P,P,x,x,x,x,x,x,x,x,P,x,x,x,x,x,x,x,x,P,x,Cheongnam-dong Alice
Chicago Typewriter,Viki,MDL,L,S,x,S,S,x,x,x,x,x,x,x,x,S,x,x,x,x,x,x,x,x,S,x,Chicago Typewriter
Chief Kim,Viki,MDL,,P,x,P,P,S,S,S,S,x,x,S,x,S,x,S,x,S,S,x,S,S,P,x,Good Manager
Childless Comfort,Viki,MDL,,S,S,S,S,S,S,S,S,x,S,S,x,S,x,S,S,S,S,x,S,S,S,x,Childless Comfort
Children of Nobody,Viki,MDL,,P,x,P,P,x,x,x,x,x,x,x,x,S,x,x,x,x,x,x,x,x,P,x,Children of Nobody
CHIP-IN,Viki,MDL,,P,x,P,P,x,x,x,x,x,x,x,x,S,x,x,x,x,x,x,x,x,P,x,CHIP-IN
Cinderella and the Four Knights,Viki,MDL,L,S,S,S,S,S,S,S,S,S,S,S,x,S,S,S,S,S,S,S,S,S,S,x,Cinderella and Four Knights
Cinderella Man,Viki,MDL,,P,x,P,P,x,x,x,x,x,x,x,x,S,x,x,x,x,x,x,x,x,P,x,Cinderellaman
Cinderella's Sister,Viki,MDL,L,S,S,S,S,S,S,S,S,S,S,S,x,S,S,S,S,S,S,x,S,S,S,x,Cinderella's Sister
City Hall,Viki,MDL,L,P,S,P,P,S,S,S,S,x,S,S,x,P,x,S,S,S,S,x,S,S,P,x,City Hall
City Hunter,Viki,MDL,L,x,x,x,x,x,x,x,x,x,x,x,x,x,x,x,x,x,x,x,x,x,x,x,City Hunter
Class of Lies,Viki,MDL,,S,S,S,S,S,S,S,S,x,S,S,x,S,x,S,S,S,S,x,S,S,S,x,Mr. Temporary
Clean with Passion for Now,Viki,MDL,L,S,S,S,S,S,S,S,S,S,S,S,x,S,S,S,S,S,S,S,S,S,S,x,Clean with Passion for Now
Coffee Prince,Viki,MDL,L,P,x,P,P,x,x,x,x,x,x,x,x,P,x,x,x,x,x,x,x,x,P,x,Coffee Prince
"Coffee, Do Me a Favor",Viki,MDL,,S,S,S,S,S,S,S,S,x,S,S,x,S,x,S,S,S,S,x,S,S,S,x,"Coffee, Do Me a Favor"
Color Rush,Viki,,L,S,S,S,S,S,S,S,S,x,S,S,x,S,x,S,S,S,S,x,x,S,S,x,Color Rush
Come and Hug Me,Viki,MDL,,P,x,P,P,x,x,x,x,x,x,x,x,S,x,x,x,x,x,x,x,x,P,x,Come and Hug Me
Come! Jang Bo Ri,Viki,MDL,,P,x,P,P,x,x,x,x,x,x,x,x,P,x,x,x,x,x,x,x,x,P,x,Jang Bori is Here
Couple or Trouble,Viki,MDL,L,P,x,P,P,x,x,x,x,x,x,x,x,S,x,x,x,x,x,x,x,x,P,x,Couple or Trouble
Cruel Palace - War of Flowers,Viki,MDL,L,S,S,S,S,S,S,S,S,x,S,S,x,S,x,S,S,S,S,x,S,S,S,x,Cruel Palace - War of Flowers
Cunning Single Lady,Viki,MDL,L,P,x,P,P,x,x,x,x,x,x,x,x,S,x,x,x,x,x,x,x,x,P,x,Cunning Single Lady
D-Day,Viki,MDL,L,S,S,S,S,S,S,S,S,x,S,S,x,S,x,S,S,S,S,x,S,S,S,x,D-Day
Dae Jang Geum is Watching,Viki,MDL,,P,x,P,P,x,x,x,x,x,x,x,x,S,x,x,x,x,x,x,x,x,P,x,"Jang Guem, Oh My Grandma"
Dal Ja's Spring,Viki,MDL,,P,x,P,P,x,x,x,x,x,x,x,x,P,x,x,x,x,x,x,x,x,P,x,Dalja’s Spring
Damo,Viki,MDL,,P,x,P,P,x,x,x,x,x,x,x,x,S,x,x,x,x,x,x,x,x,P,x,Damo
Dark Hole,Viki,,,S,S,S,S,S,S,S,S,x,S,S,x,S,x,S,S,S,S,x,S,S,S,x,Dark Hole
Defendant,Viki,MDL,L,P,S,P,P,S,S,S,S,x,S,S,x,P,x,S,S,S,S,x,S,S,P,x,Defendant
Delayed Justice,Viki,,,P,x,P,P,S,S,S,S,x,S,S,x,P,x,S,x,S,S,x,S,S,P,x,Delayed Justice
Descendants of the Sun,Viki,MDL,L,S,x,S,S,S,S,S,S,S,x,S,x,S,S,S,x,S,S,S,S,S,S,x,Descendants of the Sun
Detective Alice 2,Viki,MDL,,P,x,P,P,x,x,x,x,x,x,x,x,P,x,x,x,x,x,x,x,x,P,x,Detective Alice 2
Devil Inspector,Viki,MDL,L,S,S,S,S,S,S,S,S,x,S,S,x,S,x,S,S,S,S,x,S,S,S,x,Rebel Detectives
Devil Inspector 2,Viki,MDL,L,S,S,S,S,S,S,S,S,x,S,S,x,S,x,S,S,S,S,x,S,S,S,x,Rebel Detectives 2
Devilish Joy,Viki,MDL,L,S,S,S,S,S,S,S,S,x,S,S,x,S,x,S,S,S,S,x,S,S,S,S,Devilish Joy
Different Dreams,Viki,MDL,,P,x,P,P,x,x,x,x,x,x,x,x,S,x,x,x,x,x,x,x,x,P,x,Different Dreams
Discipline,Viki,MDL,,P,x,P,P,x,x,x,x,x,x,x,x,S,x,x,x,x,x,x,x,x,P,x,Discipline
Discovery of Romance,Viki,MDL,L,P,x,P,P,S,S,S,S,x,x,S,x,S,x,S,x,S,S,x,S,S,P,x,Discovery of Love
Divorce Lawyer in Love,Viki,MDL,,P,S,P,P,S,S,S,S,x,S,S,x,P,x,S,S,S,S,x,S,S,P,x,The Divorce Lawyer in Love
Do Dream,Viki,MDL,L,S,S,S,S,S,S,S,S,x,S,S,x,S,x,S,S,S,S,x,S,S,S,x,Do Dream
Do You Know Love?,Viki,MDL,,P,x,P,P,x,x,x,x,x,x,x,x,S,x,x,x,x,x,x,x,x,P,x,Do You Know Love?
Do You Like Brahms?,Viki,,,P,x,P,P,S,S,S,S,x,S,S,x,P,x,S,x,S,S,x,S,S,P,x,Do You Like Brahms?
Doctor Detective,Viki,MDL,,P,x,P,P,x,x,x,x,x,x,x,x,P,x,x,x,x,x,x,x,x,P,x,Doctor Detective
Doctor John,Viki,MDL,,P,S,P,P,S,S,S,S,S,S,S,x,P,S,S,S,S,S,S,S,S,P,x,Doctor John
Doctor Prisoner,Viki,MDL,L,P,x,P,P,x,x,x,x,x,x,x,x,S,x,x,x,x,x,x,x,x,P,x,Doctor Prisoner
Doctor Stranger,Viki,MDL,L,P,S,P,P,S,S,S,S,S,S,S,x,S,S,S,S,S,S,S,S,S,P,x,Doctor Stranger
Doctors,Viki,MDL,L,P,S,P,P,S,S,S,S,x,S,S,x,P,x,S,S,S,S,x,S,S,P,x,Doctors
Dokgo Rewind,Viki,MDL,,S,S,S,S,S,S,x,S,x,S,S,x,S,x,S,S,S,S,x,S,S,S,x,Dokgo Rewind
Don’t be Jealous,Viki,MDL,,P,x,P,P,x,x,S,x,x,x,x,x,P,x,x,x,x,x,x,x,x,P,x,Don’t be Jealous
Dong Yi,Viki,MDL,L,P,x,P,P,x,x,x,x,x,x,x,x,S,x,x,x,x,x,x,x,x,P,x,Jewel in the Crown
Doom at Your Service,Viki,,L,S,S,S,S,S,S,S,S,x,S,S,x,S,x,S,S,S,S,x,S,S,S,x,Doom at Your Service
Doubtful Victory,Viki,MDL,,P,x,P,P,x,x,x,x,x,x,x,x,S,x,x,x,x,x,x,x,x,P,x,"Oh, the Mysterious"
Dream High,Viki,MDL,L,P,x,P,P,S,S,x,S,S,x,S,x,S,S,S,x,S,S,S,x,S,P,x,Dream High
Dream High 2,Viki,MDL,L,P,x,P,P,S,S,x,S,S,x,S,x,S,S,S,x,S,S,S,x,S,P,x,Dream High 2
East of Eden,Viki,MDL,L,P,x,P,P,x,x,x,x,x,x,x,x,S,x,x,x,x,x,x,x,x,P,x,East of Eden
Eccentric! Chef Moon,Viki,MDL,,S,x,S,S,x,x,x,x,x,x,x,x,S,x,x,x,x,x,x,x,x,S,x,Eccentric! Chef Moon
Emergency Couple,Viki,MDL,L,S,S,S,S,S,S,S,S,x,S,S,x,S,x,S,S,S,S,x,S,S,S,x,Emergency Couple
Empress Ki,Viki,MDL,,P,x,P,P,x,x,x,x,x,x,x,x,P,x,x,x,x,x,x,x,x,P,x,Empress Ki
Encounter,Viki,MDL,L,S,x,S,S,S,S,S,S,x,S,x,x,S,x,S,x,S,S,x,S,S,S,x,Encounter
Endless Love,Viki,MDL,L,P,S,P,P,S,S,S,S,x,S,S,x,P,x,S,S,S,S,x,S,S,P,x,Endless Love
Entertainer,Viki,MDL,L,P,S,P,P,S,S,S,S,x,S,S,x,P,x,S,S,S,S,x,S,S,P,x,Entertainer
Eulachacha Waikiki,Viki,MDL,L,S,S,S,S,S,S,S,S,x,S,S,x,S,x,S,S,S,S,x,S,S,S,x,Welcome to Waikiki S2
Eulachacha Waikiki 2,Viki,MDL,L,S,S,S,S,S,S,S,S,x,S,S,x,S,x,S,S,S,S,x,S,S,S,x,Welcome to Waikiki
Everyday Loves,Viki,MDL,,P,x,P,P,x,x,x,x,x,x,x,x,S,x,x,x,x,x,x,x,x,P,x,Everyday Loves
Everything and Nothing,Viki,MDL,,P,S,P,P,S,S,S,S,x,S,S,x,P,x,S,S,S,S,x,S,S,P,x,Everything and Nothing
EXIT,Viki,MDL,,P,x,P,P,x,x,x,x,x,x,x,x,S,x,x,x,x,x,x,x,x,P,x,EXIT
Extraordinary You,Viki,MDL,L,P,x,P,P,x,x,x,x,x,x,x,x,P,x,x,x,x,x,x,x,x,P,x,Extra-ordinary You
FAILing in Love,Viki,MDL,,P,x,P,P,x,x,x,x,x,x,x,x,P,x,x,x,x,x,x,x,x,P,x,FAILing in Love
Faith,Viki,MDL,L,P,S,P,P,S,S,S,S,x,S,S,x,P,x,S,S,S,S,x,S,S,P,x,The Great Doctor
Falling for Challenge,Viki,MDL,,S,S,S,S,S,S,S,S,x,S,x,x,S,x,S,S,S,S,x,x,S,S,S,Falling for Challenge
Falling for Innocence,Viki,MDL,,S,S,S,S,S,S,S,S,x,S,S,x,S,x,S,S,S,S,x,S,S,S,x,Falling for Innocence
Falsify,Viki,MDL,,P,x,P,P,x,x,x,x,x,x,x,x,S,x,x,x,x,x,x,x,x,P,x,Distorted
Familiar Wife,Viki,MDL,L,S,x,S,S,S,S,S,S,x,S,x,x,S,x,S,x,S,S,x,S,S,S,x,Familiar Wife
Family Portrait,Viki,,,P,x,P,P,x,x,x,x,x,x,x,x,P,x,x,x,x,x,x,x,x,P,x,Family Portrait
Fantastic,Viki,MDL,,S,S,S,S,S,S,S,S,x,S,S,x,S,x,S,S,S,S,x,S,S,S,x,Fantastic
Fashion King,Viki,MDL,L,x,S,x,x,S,S,S,S,x,S,S,x,x,x,S,S,S,S,x,S,S,x,x,Fashion King
Fatal Promise,Viki,MDL,,P,x,P,P,x,x,x,x,x,x,x,x,P,x,x,x,x,x,x,x,x,P,x,Fatal Promise
Fated to Love You,Viki,MDL,L,P,x,P,P,x,x,x,x,x,x,x,x,P,x,x,x,x,x,x,S,x,P,x,Fated to Love You
Fates & Furies,Viki,MDL,L,S,S,S,S,S,S,S,S,x,S,S,x,S,x,S,S,S,S,x,x,S,S,x,Fates and Furies
Father's House,Viki,,,P,x,P,P,x,x,x,x,x,x,x,x,P,x,x,x,x,x,x,x,x,P,x,Father's House
Feast of the Gods,Viki,MDL,,P,x,P,P,x,x,x,x,x,x,x,x,S,x,x,x,x,x,x,x,x,P,x,Feast of the Gods
Feel Good To Die,Viki,MDL,,P,x,P,P,x,x,x,x,x,x,x,x,S,x,x,x,x,x,x,x,x,P,x,Feel Good To Die
Fermentation Family,Viki,MDL,,S,S,S,S,S,S,S,S,x,S,S,x,S,x,S,S,S,S,x,S,S,S,x,Kimchi Family
Fight For My Way,Viki,MDL,L,P,x,P,P,S,S,S,S,S,x,S,x,S,S,S,x,S,S,S,S,S,P,x,Fight My Way
Find Me in Your Memory,Viki,MDL,,P,x,P,P,x,x,x,x,x,x,x,x,P,x,x,x,x,x,x,x,x,P,x,Find Me in Your Memory
Five Enough,Viki,MDL,,P,x,P,P,x,x,x,x,x,x,x,x,S,x,x,x,x,x,x,x,x,P,x,Five Enough
Five Fingers,Viki,MDL,,P,x,P,P,x,x,x,S,x,x,x,x,P,x,x,x,x,x,x,x,x,P,x,Five Fingers
Flower Boy Next Door,Viki,MDL,,S,S,S,S,S,S,S,S,x,S,S,x,S,x,S,S,S,S,x,S,S,S,x,Flower Boy Next Door
Flower Boy Ramyun Shop,Viki,MDL,,x,x,x,S,x,x,x,x,x,x,x,x,x,x,x,x,x,x,x,x,x,S,x,Flower Boy Ramyun Shop
Flower Crew: Joseon Marriage Agency,Viki,MDL,L,S,S,S,S,S,S,S,S,S,S,S,x,S,S,S,S,S,S,x,S,S,S,x,Flower Crew: Joseon Marriage Agency
Flower of Evil,Viki,MDL,,S,S,S,S,S,S,S,S,x,S,S,x,S,x,S,S,S,S,x,S,S,S,x,Flower of Evil
Flowers of the Prison,Viki,MDL,,P,x,P,P,x,x,x,x,x,x,x,x,S,x,x,x,x,x,x,x,x,P,x,The Flower in Prison
Fluttering Warning,Viki,MDL,L,S,S,S,S,S,S,S,S,x,S,S,x,S,x,S,S,S,S,x,S,S,S,x,Love Alert
Forest,Viki,MDL,,S,S,S,S,S,S,S,S,S,S,S,x,S,S,S,S,S,S,S,S,S,S,x,Forest
Fortuneteller’s Secret Recipe,Viki,MDL,,S,S,S,S,S,S,x,S,x,S,S,x,S,x,S,S,S,S,x,S,S,S,S,Fortuneteller’s Secret Recipe
Full House,Viki,MDL,,P,x,P,P,x,x,x,x,x,x,x,x,S,x,x,x,x,x,x,x,x,P,x,Full House
Gaduri Restaurant,Viki,,,S,S,S,S,S,S,S,S,S,S,S,x,S,S,S,S,S,S,S,S,S,S,x,Gaduri Restaurant
General Hospital,Viki,MDL,,P,x,P,P,x,x,x,x,x,x,x,x,S,x,x,x,x,x,x,x,x,P,x,General Hospital
Genome's Romance,Viki,,,P,x,P,P,x,x,x,x,x,x,x,x,P,x,x,x,x,x,x,x,x,P,x,Genome's Romance
Get Karl! Oh Soo Jung,Viki,MDL,,P,x,P,P,x,x,x,x,x,x,x,x,P,x,x,x,x,x,x,x,x,P,x,Get Karl! Oh Soo Jung
Ghost,Viki,MDL,,P,S,P,P,S,S,S,S,x,S,S,x,P,x,S,S,S,S,x,S,S,P,x,Ghost
Ghost VRos,Viki,,,P,x,P,P,x,x,x,x,x,x,x,x,P,x,x,x,x,x,x,x,x,P,x,Ghost VRos
Giant,Viki,MDL,,P,S,P,P,S,S,S,S,x,S,S,x,P,x,S,S,S,S,x,S,S,P,x,Giant
Girl’s War,Viki,MDL,,S,S,S,S,S,S,S,S,x,S,S,x,S,x,S,S,S,S,x,S,S,S,S,Girl’s War
Girls’ Generation 1979,Viki,MDL,,P,x,P,P,x,x,x,x,x,x,x,x,P,x,x,x,x,x,x,x,x,P,x,Girls’ Generation 1979
Glamorous Temptation,Viki,MDL,,P,x,P,P,x,x,x,x,x,x,x,x,S,x,x,x,x,x,x,x,x,P,x,Glamorous Temptation
Glorious Day,Viki,MDL,,x,S,x,x,S,S,S,S,x,S,S,x,x,x,S,S,S,S,x,S,S,x,x,Glorious Day
Go Back Couple,Viki,MDL,L,P,x,P,P,S,S,S,S,x,x,S,x,P,x,S,x,S,S,x,S,S,P,x,Go Back Couple
Go Ho's Starry Night,Viki,MDL,,S,S,S,S,S,S,S,S,x,S,S,x,S,x,S,x,S,S,x,S,S,S,x,"Gogh, The Starry Night"
Goblin,Viki,MDL,L,S,S,S,S,S,S,S,S,x,S,S,x,S,x,S,S,S,S,x,S,S,S,x,Guardian: The Lonely and Great God
God's Gift: 14 Days,Viki,MDL,L,P,x,P,P,x,x,x,x,x,x,x,x,P,x,x,x,x,x,x,x,x,P,x,God’s Gift - 14 Days
Goddess of Fire,Viki,MDL,L,P,x,P,P,x,x,x,x,x,x,x,x,P,x,x,x,x,x,x,x,x,P,x,Goddess of Fire
Goddess of Marriage,Viki,MDL,L,x,S,x,x,S,S,S,S,x,S,S,x,x,x,S,S,S,S,x,S,S,x,x,Goddess of Marriage
Golden Cross,Viki,MDL,,P,x,P,P,x,x,x,x,x,x,x,x,S,x,x,x,x,x,x,x,x,P,x,Golden Cross
Golden Empire,Viki,MDL,,P,x,P,P,x,x,x,x,x,x,x,x,P,x,x,x,x,x,x,x,x,P,x,The Golden Empire
Golden Garden,Viki,MDL,,P,x,P,P,x,x,x,x,x,x,x,x,P,x,x,x,x,x,x,x,x,P,x,Golden Garden
Golden Time,Viki,MDL,,P,x,P,P,x,x,x,x,x,x,x,x,S,x,x,x,x,x,x,x,x,P,x,Golden Time
Good Casting,Viki,MDL,,P,S,P,P,S,S,S,S,x,S,S,x,P,x,S,S,S,S,x,S,S,P,x,Good Casting
Good Doctor,Viki,MDL,L,P,x,P,P,S,S,x,S,S,x,S,x,S,S,S,x,S,S,S,x,S,P,x,Good Doctor
"Good-bye, Mr. Black",Viki,MDL,L,S,x,S,S,S,x,x,S,x,x,x,x,S,x,x,x,x,x,x,x,S,S,x,Goodbye Mr. Black
Goodbye Dear Wife,Viki,MDL,,S,S,S,S,S,S,S,S,x,S,S,x,S,x,S,S,S,S,x,S,S,S,S,Goodbye Dear Wife
Goodbye to Goodbye,Viki,MDL,,P,x,P,P,x,x,x,x,x,x,x,x,S,x,x,x,x,x,x,x,x,P,x,Goodbye to Goodbye
Goong,Viki,MDL,,P,x,P,P,x,x,x,x,x,x,x,x,S,x,x,x,x,x,x,x,x,P,x,Princess Hours
Goong S,Viki,MDL,,P,x,P,P,x,x,x,x,x,x,x,x,S,x,x,x,x,x,x,x,x,P,x,Prince Hours
Gourmet,Viki,MDL,,S,S,S,S,S,S,S,S,S,S,S,x,S,S,S,S,S,S,S,S,S,S,S,Gourmet
Govengers,Viki,MDL,,P,x,P,P,x,x,x,x,x,x,x,x,P,x,x,x,x,x,x,x,x,P,x,Govengers
Graceful Family,Viki,MDL,L,S,S,S,S,S,S,S,S,x,S,S,x,S,x,S,S,S,S,x,S,S,S,x,Graceful Family
Grand Prince,Viki,MDL,,S,S,S,S,S,S,S,S,x,S,S,x,S,x,S,S,S,S,x,S,S,S,x,Grand Prince
Green Fever,Viki,MDL,,P,x,P,P,x,x,x,x,x,x,x,x,S,x,x,x,x,x,x,x,x,P,x,Green Fever
Gu Family Book,Viki,MDL,L,P,x,P,P,x,x,x,x,x,x,x,x,P,x,x,x,x,x,x,x,x,P,x,"Kangchi, the Beginning"
Gumiho: Tale of the Fox's Child,Viki,MDL,,P,x,P,P,x,x,x,x,x,x,x,x,S,x,x,x,x,x,x,x,x,P,x,Grudge: The Revolt of Gumiho
Gunman In Joseon,Viki,MDL,,P,x,P,P,x,x,x,x,x,x,x,x,S,x,x,x,x,x,x,x,x,P,x,Gunman In Joseon
Haechi,Viki,MDL,,P,S,P,P,S,S,S,S,x,S,S,x,S,x,S,S,S,S,x,S,S,P,x,Haechi
Hateful But Once Again,Viki,MDL,,P,x,P,P,x,x,x,x,x,x,x,x,P,x,x,x,x,x,x,x,x,P,x,"Again, My Love"
He Is Psychometric,Viki,MDL,L,S,S,S,S,S,S,S,S,x,S,S,x,S,x,S,S,S,S,x,S,S,S,x,He Is Psychometric
Heading to the Ground,Viki,MDL,,P,x,P,P,x,x,x,x,x,x,x,x,S,x,x,x,x,x,x,x,x,P,x,No Limit
Healer,Viki,MDL,L,P,x,P,P,S,S,S,S,S,x,S,x,S,S,S,x,S,S,S,S,S,P,x,Healer
Heard It Through the Grapevine,Viki,MDL,L,P,S,P,P,S,S,S,S,x,S,S,x,S,x,S,S,S,S,x,S,S,P,x,Heard It Through the Grapevine
Heart Surgeons,Viki,MDL,,P,S,P,P,S,S,S,S,x,S,S,x,S,x,S,S,S,S,x,S,S,P,x,Heart Surgeons
Heartless City,Viki,MDL,,S,S,S,S,S,S,S,S,x,S,S,x,S,x,S,S,S,S,x,S,S,P,x,Heartless City
Heartstrings,Viki,MDL,L,S,S,S,S,S,S,S,S,S,S,S,x,S,S,S,S,S,S,S,S,S,S,S,Heartstrings
Heaven’s Garden,Viki,MDL,,S,S,S,S,S,S,S,S,x,S,S,x,S,x,S,S,S,S,x,S,S,S,S,Heaven’s Garden
Hello Monster,Viki,MDL,L,S,S,S,S,S,S,S,S,x,S,S,x,S,x,S,S,S,S,x,S,S,S,x,I Remember You
Hello! Miss,Viki,MDL,,P,x,P,P,x,x,x,x,x,x,x,x,P,x,x,x,x,x,x,x,x,P,x,Hello! My Lady
Her Legend,Viki,MDL,,S,S,S,S,S,S,S,S,x,S,S,x,S,x,S,S,S,S,x,S,S,S,x,Her Legend
Her Private Life,Viki,MDL,L,S,S,S,S,S,S,S,S,x,S,S,x,S,x,S,S,S,S,x,S,S,S,x,Her Private Life
Here's My Plan,Viki,,L,P,x,P,S,x,x,x,x,x,x,x,x,P,x,x,x,x,x,x,x,x,P,x,Here's My Plan
Heroes,Viki,MDL,,S,S,S,S,S,S,S,S,S,S,S,x,S,S,S,S,S,S,S,S,S,S,S,Heroes
Hi! School - Love On,Viki,MDL,L,P,x,P,P,S,S,S,S,S,x,S,x,S,S,S,x,S,S,S,S,S,P,x,Hi! School - Love On
Hide and Seek,Viki,MDL,,P,x,P,P,x,x,x,x,x,x,x,x,S,x,x,x,x,x,x,x,x,P,x,Hide and Seek
High School King of Savvy,Viki,MDL,,x,x,x,S,x,x,x,x,x,x,x,x,x,x,x,x,x,x,x,x,x,S,x,King of High School
High Society,Viki,MDL,L,P,S,P,P,S,S,S,S,x,S,S,x,S,x,S,S,S,S,x,S,S,P,x,High Society
High-End Crush,Viki,MDL,L,S,S,S,S,S,S,S,S,S,S,S,x,S,x,S,S,S,S,x,S,S,S,S,High-End Crush
History of the Salaryman,Viki,MDL,,P,x,P,P,x,x,x,x,x,x,x,x,P,x,x,x,x,x,x,x,x,P,x,History of the Salaryman
Hit the Top,Viki,MDL,L,S,S,S,S,S,S,S,S,x,S,S,x,S,x,S,S,S,S,x,x,S,S,x,The Best Hit
Home Sweet Home,Viki,MDL,,P,x,P,P,x,x,x,x,x,x,x,x,S,x,x,x,x,x,x,x,x,P,x,Home Sweet Home
Homemade Love Story,Viki,,,P,x,P,P,S,S,S,S,x,x,x,x,P,x,S,x,S,S,x,S,S,P,x,Homemade Love Story
Hong Ik Super,Viki,MDL,,P,x,P,P,x,x,x,x,x,x,x,x,S,x,x,x,x,x,x,x,x,P,x,Hongik Super
Horse Doctor,Viki,MDL,,P,x,P,P,x,x,x,x,x,x,x,x,P,x,x,x,x,x,x,x,x,P,x,King’s Doctor
Hot Stove League,Viki,MDL,L,P,S,P,P,S,S,S,S,x,S,S,x,P,x,S,S,S,S,x,S,S,P,x,Stove League
Hotel Del Luna,Viki,MDL,L,S,S,S,S,S,S,S,S,x,S,S,x,S,x,S,S,S,S,x,S,S,S,x,Hotel Del Luna
How Are You Bread,Viki,MDL,,S,S,S,S,S,S,S,S,x,S,S,x,S,x,S,S,S,S,x,S,S,S,x,How Are You Bread?
How to Buy a Friend,Viki,MDL,,P,x,P,P,S,S,S,S,S,x,S,x,P,S,S,x,S,S,S,S,S,P,x,How to Buy a Friend
Hwang Jin Yi,Viki,MDL,,P,x,P,P,x,x,x,x,x,x,x,x,S,x,x,x,x,x,x,x,x,P,x,Hwangjini
Hwarang,Viki,MDL,L,P,x,P,P,S,S,S,S,S,x,S,x,S,S,S,x,S,S,S,S,S,P,x,Hwarang: The Poet Warrior Youth
"Hyde, Jekyll, Me",Viki,MDL,L,P,S,P,P,S,S,S,S,x,S,S,x,S,x,S,S,S,S,x,S,S,P,x,"Hyde, Jekyll, Me"
I am Your Teacher,Viki,MDL,,P,x,P,P,x,x,x,x,x,x,x,x,S,x,x,x,x,x,x,x,x,P,x,I am Your Teacher
"I Do, I Do",Viki,MDL,L,P,x,P,P,x,x,x,x,x,x,x,x,S,x,x,x,x,x,x,x,x,P,x,I Do I Do
I Hate You Juliet,Viki,MDL,L,S,S,S,S,S,S,S,S,S,S,S,x,S,S,S,S,S,S,S,S,S,S,x,I Hate You Juliet
I Have a Lover,Viki,MDL,,P,S,P,P,S,S,S,S,S,S,S,x,S,S,S,S,S,S,S,S,S,P,x,I Have a Lover
I Hear Your Voice,Viki,MDL,L,P,S,P,P,S,S,S,S,S,S,S,x,S,S,S,S,S,S,S,S,S,P,x,I Hear Your Voice
I Live in Cheongdam-dong,Viki,MDL,,S,S,S,S,S,S,S,S,x,S,S,x,S,x,S,S,S,S,x,S,S,S,x,I Live in Cheongdam-dong
I Love You,Viki,MDL,,S,S,S,S,S,S,S,S,S,S,S,x,S,S,S,S,S,S,S,S,S,S,S,I Love You
I Order You,Viki,MDL,L,S,S,S,S,S,S,S,S,S,S,S,x,S,S,S,S,S,S,S,S,S,S,S,I Order You
I Picked Up a Star on the Road,Viki,MDL,L,S,S,S,S,S,S,S,S,S,S,S,x,S,S,S,S,S,S,S,S,S,S,x,I Picked Up a Celebrity On the Street
I Started Following Romance,Viki,MDL,L,S,x,S,S,x,x,x,x,x,x,x,x,S,x,x,x,x,x,x,x,x,S,x,I Started Following Romance
I Wanna Hear Your Song,Viki,MDL,,P,x,P,P,S,S,S,S,x,x,S,x,P,x,S,x,S,S,x,S,S,P,x,I Wanna Hear Your Song
I'm Not a Robot,Viki,MDL,L,P,S,P,P,S,S,S,S,x,S,x,x,S,x,S,S,S,S,x,S,S,P,x,I Am Not a Robot
"I’m Sorry, I Love You",Viki,MDL,,P,x,P,P,x,x,x,x,x,x,x,x,S,x,x,x,x,x,x,x,x,P,x,"I’m Sorry, I Love You"
Iljimae,Viki,MDL,L,x,S,x,x,S,S,S,S,x,S,S,x,x,x,S,S,S,S,x,S,S,x,x,Iljimae
Imaginary Cat,Viki,MDL,L,S,S,S,S,S,S,S,S,x,S,S,x,S,x,S,S,S,S,x,S,S,S,S,Imaginary Cat
Imitation,Viki,,L,S,S,S,S,S,S,S,S,x,S,S,x,S,x,S,S,S,S,x,S,S,S,x,Imitation
Immortal Classic,Viki,MDL,,S,S,S,S,S,S,S,S,x,S,S,x,S,x,S,S,S,S,x,S,S,S,S,Immortal Classic
In Your Dream,Viki,,,P,x,P,P,x,x,x,x,x,x,x,x,P,x,x,x,x,x,x,x,x,P,x,In Your Dream
Incomplete Life,Viki,MDL,L,x,x,x,S,x,x,x,x,x,x,x,x,x,x,x,x,x,x,x,x,x,S,x,Incomplete Life
Into the Ring,Viki,,,P,x,P,P,S,S,S,S,x,x,S,x,P,x,S,x,S,S,x,S,S,P,x,Into the Ring
Irish Uppercut,Viki,MDL,,x,x,x,S,x,x,x,x,x,x,x,x,x,x,x,x,x,x,x,x,x,S,x,Irish Uppercut
Issue Makers,Viki,MDL,,P,x,P,P,x,x,x,x,x,x,x,x,P,x,x,x,x,x,x,x,x,P,x,Issue Makers
It’s Okay Because I Am a Mom,Viki,MDL,L,S,S,S,S,S,S,S,S,S,S,S,x,S,S,S,S,S,S,S,S,S,S,S,It’s Okay Because I Am a Mom
"It’s Okay, That’s Love",Viki,MDL,L,P,x,P,P,x,x,x,x,x,x,x,x,P,x,x,x,x,x,x,x,x,P,x,"It’s Okay, That’s Love"
Item,Viki,MDL,,P,x,P,P,x,x,x,x,x,x,x,x,S,x,x,x,x,x,x,x,x,P,x,The Item
Jang Ok Jung,Viki,MDL,,x,S,x,x,S,S,S,S,x,S,S,x,x,x,S,S,S,S,x,S,S,x,x,"Jang Ok Jeong, Lives in Love"
Jealousy Incarnate ,Viki,MDL,,x,S,x,x,S,S,S,S,x,S,S,x,x,x,S,S,S,S,x,S,S,x,x,Don’t Dare to Dream (Jealousy Incarnate)
Judge vs. Judge,Viki,MDL,,P,x,P,P,x,x,x,x,x,x,x,x,S,x,x,x,x,x,x,x,x,P,x,Judge vs. Judge
Jugglers,Viki,MDL,,P,x,P,P,x,x,x,x,x,x,x,x,S,x,x,x,x,x,x,x,x,P,x,Jugglers
Just Between Lovers,Viki,MDL,L,S,S,S,S,S,S,S,S,x,S,S,x,S,x,S,S,S,S,x,S,S,S,x,Just Between Lovers
Just Dance,Viki,MDL,,P,x,P,P,x,x,x,x,x,x,x,x,S,x,x,x,x,x,x,x,x,P,x,Just Dance
Justice,Viki,MDL,,P,x,P,P,x,x,x,x,x,x,x,x,P,x,x,x,x,x,x,x,x,P,x,Justice
K-POP - The Ultimate Audition,Viki,MDL,L,S,S,S,S,S,S,S,S,x,S,S,x,S,x,S,S,S,S,x,S,S,S,S,K-POP Extreme Survival
Kairos,Viki,,,S,x,S,S,x,x,x,x,x,x,x,x,S,x,x,x,x,x,x,x,x,S,x,Kairos
Kang Koo's Story,Viki,MDL,,P,x,P,P,x,x,x,x,x,x,x,x,P,x,x,x,x,x,x,x,x,P,x,The Story of Kang Gu
KBS Drama Special: White Christmas,Viki,MDL,,P,x,P,P,x,x,x,x,x,x,x,x,S,x,x,x,x,x,x,x,x,P,x,KBS Drama Special: White Christmas
Kill It,Viki,MDL,L,S,S,S,S,S,S,S,S,x,S,S,x,S,x,S,S,S,S,x,S,S,S,x,Kill It
"Kill Me, Heal Me",Viki,MDL,L,P,x,P,P,x,x,x,x,x,x,x,x,S,x,x,x,x,x,x,x,x,P,x,Kill Me Heal Me
King Maker: The Change of Destiny,Viki,MDL,,S,S,S,S,S,S,S,S,x,S,S,x,S,x,S,S,S,S,x,S,S,S,x,King Maker: The Change of Destiny
King2Hearts,Viki,MDL,L,P,x,P,P,x,x,x,x,x,x,x,x,S,x,x,x,x,x,x,x,x,P,x,The King 2 Hearts
Kiss Goblin,Viki,,,S,S,S,S,S,S,S,S,S,S,S,x,S,S,S,S,S,S,S,S,S,S,x,Kiss Goblin
Kkondae Intern,Viki,MDL,,P,x,P,P,x,S,x,x,x,x,x,x,P,x,x,x,x,x,x,x,x,P,x,Kkondae Intern
Korean Ghost Stories-2008,Viki,,,P,x,P,P,x,x,x,x,x,x,x,x,P,x,x,x,x,x,x,x,x,P,x,Korean Ghost Stories-2008
Korean Ghost Stories-2009,Viki,,,P,x,P,P,x,x,x,x,x,x,x,x,P,x,x,x,x,x,x,x,x,P,x,Korean Ghost Stories-2009
L.U.C.A.: The Beginning,Viki,,,S,S,S,S,S,S,S,S,x,S,S,x,S,x,S,S,S,S,x,S,S,S,x,L.U.C.A.: The Beginning
Last,Viki,MDL,,S,S,S,S,S,S,S,S,x,S,S,x,S,x,S,S,S,S,x,S,S,S,x,Last
Lawless Attorney,Viki,MDL,L,S,S,S,S,S,S,S,S,x,S,S,x,S,x,S,S,S,S,x,S,S,S,x,Lawless Lawyer
Lawyers of Korea,Viki,MDL,,P,x,P,P,x,x,x,x,x,x,x,x,S,x,x,x,x,x,x,x,x,P,x,Love & Law
Legal High,Viki,MDL,,S,S,S,S,S,S,S,S,x,S,S,x,S,x,S,S,S,S,x,S,S,S,x,Legal High
Less than Evil,Viki,MDL,,P,x,P,P,x,x,x,x,x,x,x,x,S,x,x,x,x,x,x,x,x,P,x,Less than Evil
Let Me Introduce Her,Viki,MDL,,P,S,P,P,S,S,S,S,x,S,S,x,S,x,S,S,S,S,x,S,S,P,x,Let Me Introduce Her
Let's Hold Hands Tightly and Watch The Sunset,Viki,MDL,,P,x,P,P,x,x,x,x,x,x,x,x,S,x,x,x,x,x,x,x,x,P,x,Hold Me Tight
Let’s Eat 3,Viki,MDL,,S,x,S,S,x,x,x,x,x,x,x,x,S,x,x,x,x,x,x,x,x,S,x,Let’s Eat 3
"Let’s Eat Something, Anna",Viki,MDL,L,S,S,S,S,S,S,S,S,x,S,S,x,S,x,S,S,S,S,x,S,S,S,x,"Let’s Eat Something, Anna"
Level Up,Viki,MDL,L,S,S,S,S,S,S,S,S,x,S,S,x,S,x,S,S,S,S,x,S,S,S,S,Level Up
Lie After Lie,Viki,,,S,x,S,S,x,x,x,x,x,x,x,x,S,x,x,x,x,x,x,x,x,S,x,Lie After Lie
Lie to Me,Viki,MDL,L,P,S,P,P,S,S,S,S,S,S,S,x,P,S,S,S,S,S,S,S,S,P,x,Lie to Me
Light and Shadow,Viki,MDL,,P,x,P,P,x,x,x,x,x,x,x,x,P,x,x,x,x,x,x,x,x,P,x,Light and Shadow
Little Bride,Viki,,,P,x,P,P,x,x,x,x,x,x,x,x,P,x,x,x,x,x,x,x,x,P,x,Little Bride
Live On,Viki,,,S,S,S,S,S,S,S,S,C,S,S,x,S,C,S,S,S,S,C,S,S,S,x,Live On
Liver or Die,Viki,MDL,,P,x,P,P,x,x,x,x,x,x,x,x,S,x,x,x,x,x,x,x,x,P,x,Liver or Die
Lonely Enough to Love,Viki,,L,S,x,S,S,x,x,x,x,x,x,x,x,S,x,x,x,x,x,x,x,x,S,x,Lonely Enough to Love
Loss Time Life,Viki,MDL,,P,x,P,P,x,x,x,x,x,x,x,x,S,x,x,x,x,x,x,x,x,P,x,Loss Time Life
Love Again,Viki,MDL,,S,S,S,S,S,S,S,S,x,S,S,x,S,x,S,S,S,S,x,S,S,S,x,Love Again
Love Cells,Viki,MDL,,S,S,S,S,S,S,S,S,x,S,S,x,S,x,S,S,S,S,x,S,S,S,S,Love Cells 1
Love Cells 2,Viki,MDL,,S,S,S,S,S,S,S,S,x,S,S,x,S,x,S,S,S,S,x,S,S,S,S,Love Cells 2
Love Frequency 37.2,Viki,MDL,,S,S,S,S,S,S,S,S,S,S,S,x,S,S,S,S,S,S,S,S,S,S,S,Love Frequency 37.2
Love in Memory,Viki,MDL,L,S,x,S,S,S,S,S,S,x,S,x,x,S,x,S,x,S,S,x,x,S,S,x,Love in Memory
Love in the Moonlight,Viki,MDL,L,P,x,P,P,S,S,S,S,S,x,S,x,S,S,S,x,S,S,S,S,x,P,x,Love in the Moonlight
Love in Time,Viki,MDL,,S,x,S,S,S,S,S,S,x,S,x,x,S,x,S,x,S,S,x,x,x,S,x,Love in Time
Love In Your Taste,Viki,MDL,,P,x,P,P,x,x,x,x,x,x,x,x,P,x,x,x,x,x,x,x,x,P,x,Love as You Taste
Love Marriage,Viki,MDL,,P,x,P,P,x,x,x,x,x,x,x,x,P,x,x,x,x,x,x,x,x,P,x,Matchmaker’s Lover
Love Rain,Viki,MDL,L,S,x,S,S,S,S,x,S,x,x,S,x,S,x,S,x,S,S,x,x,S,S,x,Love Rain
Love Revolution,Viki,,,S,S,S,S,S,S,S,S,x,S,S,x,S,x,S,S,S,S,x,S,S,S,x,Love Revolution
Love Scene Number,Viki,,,P,x,P,P,x,x,x,x,x,x,x,x,P,x,x,x,x,x,x,x,x,P,x,Love Scene Number
Love With Flaws,Viki,MDL,L,P,x,P,P,x,x,x,x,x,x,x,x,P,x,x,x,x,x,x,x,x,P,x,Love With Flaws
Lovely Horribly,Viki,MDL,L,P,x,P,P,S,S,S,S,x,x,x,x,S,x,S,x,S,S,x,S,S,P,x,Lovely Horribly
Lover of the Palace,Viki,MDL,,S,S,S,S,S,S,S,S,x,S,S,x,S,x,S,S,S,S,x,S,S,S,x,Lover of the Palace
Lucifer,Viki,MDL,,P,x,P,P,x,x,x,x,x,x,x,x,S,x,x,x,x,x,x,x,x,P,x,The Lucifer
Lucky Romance,Viki,MDL,,S,x,S,S,S,x,x,S,x,x,x,x,S,x,x,x,x,x,x,S,S,S,x,Lucky Romance
MAD DOG,Viki,MDL,,P,x,P,P,x,x,x,x,x,x,x,x,S,x,x,x,x,x,x,x,x,P,x,MAD DOG
Madame Antoine,Viki,MDL,,S,S,S,S,S,S,S,S,x,S,S,x,S,x,S,S,S,S,x,S,S,S,x,Madame Antoine
Mama Fairy and the Woodcutter,Viki,MDL,L,S,x,S,S,S,S,S,S,x,S,x,x,S,x,S,x,S,S,x,S,S,S,x,Mama Fairy and the Woodcutter
Man in the Kitchen,Viki,MDL,,P,x,P,P,x,x,x,x,x,x,x,x,S,x,x,x,x,x,x,x,x,P,x,Man Who Sets the Table
Manhole,Viki,MDL,L,P,x,P,P,S,S,S,S,x,x,S,x,S,x,S,x,S,S,x,S,S,P,x,Manhole
Marriage Contract,Viki,MDL,,P,x,P,P,x,x,x,x,x,x,x,x,P,x,x,x,x,x,x,x,x,P,x,Marriage Contract
"Marriage, Not Dating",Viki,MDL,L,S,S,S,S,S,S,S,S,x,S,S,x,S,x,S,x,S,S,x,S,S,S,x,"Marriage, Not Dating"
Marry Him If You Dare,Viki,MDL,,P,x,P,P,x,x,x,x,x,x,x,x,P,x,x,x,x,x,x,x,x,P,x,Marry Him If You Dare
Marry Me Now,Viki,MDL,,P,x,P,P,x,x,x,x,x,x,x,x,S,x,x,x,x,x,x,x,x,P,x,Marry Me Now
Mask,Viki,MDL,L,P,S,P,P,S,S,S,S,x,S,S,x,S,x,S,S,S,S,x,S,S,P,x,Mask
Master of Study,Viki,MDL,,P,x,P,P,x,x,x,x,x,x,x,x,S,x,x,x,x,x,x,x,x,P,x,Master of Study
Matching! Boys Archery,Viki,MDL,L,S,S,S,S,S,S,S,S,x,S,S,x,S,x,S,S,S,S,x,S,S,S,x,Matching! Boys Archery
Matrimonial Chaos,Viki,MDL,,P,x,P,P,S,S,S,S,x,x,S,x,S,x,S,x,S,S,x,S,S,P,x,Matrimonial Chaos
May Queen,Viki,MDL,,P,x,P,P,x,x,x,x,x,x,x,x,S,x,x,x,x,x,x,x,x,P,x,May Queen
"Me too, Flower!",Viki,MDL,,P,x,P,P,x,x,x,x,x,x,x,x,S,x,x,x,x,x,x,x,x,P,x,"Flower, I Am!"
Medical top Team,Viki,MDL,,P,x,P,P,x,x,x,x,x,x,x,x,S,x,x,x,x,x,x,x,x,P,x,Medical top Team
Meeting You ,Viki,,,P,x,P,P,x,x,x,x,x,x,x,x,P,x,x,x,x,x,x,x,x,P,x,Meeting You 
Meeting You 2 ,Viki,,,P,x,P,P,x,x,x,x,x,x,x,x,P,x,x,x,x,x,x,x,x,P,x,Meeting You 2 
Melo Holic,Viki,MDL,L,S,S,S,S,S,S,S,S,x,S,x,x,S,x,S,S,S,S,x,x,S,S,x,Melo Holic
Melting Me Softly,Viki,MDL,,S,S,S,S,S,S,S,S,x,S,S,x,S,x,S,S,S,S,x,S,S,S,x,Melting Me Softly
Memorist,Viki,MDL,L,S,S,S,S,S,S,S,S,x,S,S,x,S,x,S,S,S,S,x,S,S,S,x,Memorist
"Meow, the Secret Boy",Viki,MDL,L,S,S,S,S,S,S,S,S,S,x,S,x,S,S,S,S,S,S,S,S,S,S,x,"Meow, the Secret Boy"
Midas,Viki,MDL,,P,x,P,P,x,x,x,x,x,x,x,x,P,x,x,x,x,x,x,x,x,P,x,Midas
Miracle That We Met,Viki,MDL,,S,S,S,S,S,S,S,S,x,S,S,x,S,S,S,S,S,S,x,S,S,S,x,Miracle That We Met
Mirror of the Witch,Viki,MDL,L,S,S,S,S,S,S,S,S,x,S,S,x,S,x,S,S,S,S,x,S,S,S,x,Mirror of the Witch
Miss Hammurabi,Viki,MDL,L,S,S,S,S,S,S,S,S,x,S,S,x,S,x,S,S,S,S,x,S,S,S,x,Miss Hammurabi
Miss Korea,Viki,MDL,L,P,x,P,P,x,x,x,x,x,x,x,x,S,x,x,x,x,x,x,x,x,P,x,Miss Korea
"Miss Ma, Nemesis",Viki,MDL,L,P,S,P,P,S,S,S,S,x,S,S,x,S,x,S,S,S,S,x,S,S,P,x,"Ms Ma, Nemesis"
Miss Monte-Cristo,Viki,,,P,x,P,P,x,x,x,x,x,x,x,x,P,x,x,x,x,x,x,x,x,P,x,Miss Monte-Cristo
Miss Ripley,Viki,MDL,,x,x,x,S,S,S,S,S,x,S,x,x,x,x,S,x,S,S,x,x,S,S,x,Miss Ripley
Missing You,Viki,MDL,,S,S,S,S,S,S,S,S,x,S,S,x,S,x,S,S,S,S,x,S,S,S,x,I Miss You
Missing: The Other Side,Viki,,,S,S,S,S,S,S,S,S,x,S,S,x,S,x,S,S,S,S,x,S,S,S,x,Missing: The Other Side
Mistress,Viki,MDL,,x,x,x,x,S,S,S,S,x,S,x,x,x,x,S,x,S,S,x,S,S,x,x,Mistress
Misty,Viki,MDL,L,S,S,S,S,S,S,S,S,x,S,S,x,S,x,S,S,S,S,x,S,S,S,x,Misty
Mom Has an Affair,Viki,MDL,,P,x,P,P,x,x,x,x,x,x,x,x,P,x,x,x,x,x,x,x,x,P,x,Mom Has an Affair
Moment of Eighteen,Viki,MDL,L,S,S,S,S,S,S,S,S,S,S,S,x,S,S,S,S,S,S,S,S,S,S,x,Moment of Eighteen
Money Flower,Viki,MDL,L,P,x,P,P,x,x,x,x,x,x,x,x,S,x,x,x,x,x,x,x,x,P,x,Money Flower
Monkey and Dog Romance,Viki,MDL,,P,S,P,P,S,S,S,S,x,S,S,x,P,x,S,S,S,S,x,S,S,P,x,Monkey and Dog Romance
Moon Embracing the Sun,Viki,MDL,L,P,x,P,P,x,x,x,x,x,x,x,x,P,x,x,x,x,x,x,x,x,P,x,The Moon Embracing the Sun
Moorim School,Viki,MDL,,P,x,P,P,S,S,S,S,S,x,S,x,S,S,S,x,S,S,S,S,S,P,x,Moorim School
More Than Friends,Viki,,,S,S,S,S,S,S,S,S,x,S,S,x,S,x,S,S,S,S,x,S,S,S,x,More Than Friends
Mother,Viki,MDL,L,S,x,S,S,x,x,x,x,x,x,x,x,S,x,x,x,x,x,x,x,x,S,x,Mother
Mother of Mine,Viki,MDL,,P,x,P,P,x,x,x,x,x,x,x,x,S,x,x,x,x,x,x,x,x,P,x,Mother of Mine
Mouse,Viki,,L,S,S,S,S,S,S,S,S,x,S,S,x,S,x,S,S,S,S,x,S,S,S,x,Mouse
Mr Queen,Viki,,L,S,S,S,S,S,S,S,S,x,S,S,x,S,x,S,S,S,S,x,S,S,S,x,Mr Queen
Mr. Back,Viki,,,P,x,P,P,x,x,x,x,x,x,x,x,P,x,x,x,x,x,x,x,x,S,x,Mr. Back
Mr. Heart,Viki,,,S,S,S,S,S,S,S,S,x,S,S,x,S,x,S,S,S,S,x,x,S,S,S,Mr. Heart
Mr. Queen,Viki,,,S,S,S,S,S,S,S,S,x,S,S,x,S,x,S,S,S,S,x,S,S,S,x,Mr. Queen
Mr. Queen: The Secret,Viki,,L,S,S,S,S,S,S,S,S,x,S,S,x,S,x,S,S,S,S,x,S,S,S,x,Mr. Queen: The Secret
Mrs. Cop,Viki,MDL,,P,S,P,P,S,S,S,S,x,S,S,x,P,x,S,S,S,S,x,S,S,P,x,Mrs. Cop
Mrs. Cop 2,Viki,MDL,,P,x,P,P,x,x,x,x,x,x,x,x,P,x,x,x,x,x,x,x,x,P,x,Mrs. Cop 2
Ms. Perfect,Viki,MDL,,P,x,P,P,x,x,x,x,x,x,x,x,S,x,x,x,x,x,x,x,x,P,x,Ms. Perfect
Ms. Temper & Nam Jung Gi,Viki,MDL,,S,S,S,S,S,S,S,S,x,S,S,x,S,x,S,S,S,S,x,S,S,S,x,Ms. Temper & Nam Jung Gi
Must You Go?,Viki,,L,S,S,S,S,S,S,S,S,x,S,S,x,S,x,S,S,S,S,x,x,S,S,x,Must You Go?
Mute,Viki,MDL,L,S,S,S,S,S,S,S,S,S,S,S,x,S,S,S,S,S,S,S,S,S,S,S,Mute
My Absolute Boyfriend,Viki,MDL,L,S,S,S,S,S,S,S,S,x,S,S,x,S,x,S,S,S,S,x,S,S,S,x,Absolute Boyfriend
My Dangerous Wife,Viki,,,S,S,S,S,S,S,S,S,x,S,S,x,S,x,S,S,S,S,x,S,S,S,x,My Dangerous Wife
My Fair Lady,Viki,MDL,,P,x,P,P,x,x,x,x,x,x,x,x,S,x,x,x,x,x,x,x,x,P,x,My Fair Lady
My Fantastic Funeral,Viki,MDL,,P,x,P,P,x,x,x,x,x,x,x,x,P,x,x,x,x,x,x,x,x,P,x,My Fantastic Funeral
My Father is Strange,Viki,MDL,L,P,x,P,P,x,x,x,x,x,x,x,x,S,x,x,x,x,x,x,x,x,P,x,Father is Strange
My Fellow Citizens!,Viki,MDL,,P,x,P,P,S,S,S,S,x,x,S,x,S,x,S,x,S,S,x,S,S,P,x,My Fellow Citizens!
My Girl,Viki,MDL,,P,x,P,P,x,x,x,x,x,x,x,x,P,x,x,x,x,x,x,x,x,P,x,My Girl
My Girlfriend is a Gumiho,Viki,MDL,L,x,S,x,x,S,S,S,S,x,S,S,x,x,x,S,S,S,S,x,S,S,x,x,My Girlfriend is a Gumiho
My Golden Life,Viki,MDL,,P,x,P,P,x,x,x,x,x,x,x,x,S,x,x,x,x,x,x,x,x,P,x,My Golden Life
My Healing Love,Viki,MDL,,P,x,P,P,x,x,x,x,x,x,x,x,S,x,x,x,x,x,x,x,x,P,x,My Healing Love
My Heart Twinkle Twinkle,Viki,MDL,,P,S,P,P,S,S,S,S,x,S,S,x,S,x,S,S,S,S,x,S,S,P,x,My Heart Twinkle Twinkle
My Husband Oh Jak Doo,Viki,MDL,,P,x,P,P,x,x,x,x,x,x,x,x,S,x,x,x,x,x,x,x,x,P,x,"My Husband, Mr Oh!"
My ID is Gangnam Beauty,Viki,MDL,L,S,S,S,S,S,S,S,S,S,S,S,x,S,S,S,S,S,S,S,S,S,S,x,My ID is Gangnam Beauty
"My Lawyer, Mr. Jo",Viki,MDL,,P,x,P,P,S,S,S,S,x,x,S,x,S,x,S,x,S,S,x,S,S,P,x,"My Lawyer, Mr.Joe"
"My Lawyer, Mr. Jo 2: Crime and Punishment",Viki,MDL,,P,x,P,P,x,x,x,x,x,x,x,x,S,x,x,x,x,x,x,x,x,P,x,"My Lawyer, Mr. Joe 2: Crime and Punishment"
My Love Eun Dong,Viki,MDL,L,S,S,S,S,S,S,S,S,x,S,S,x,S,x,S,S,S,S,x,S,S,S,x,My Love Eun Dong
My Lovely Girl,Viki,MDL,L,P,S,P,P,S,S,S,S,S,S,S,x,S,S,S,S,S,S,S,S,S,P,x,My Lovely Girl
My Lovely Sam Soon,Viki,MDL,,P,x,P,P,x,x,x,x,x,x,x,x,S,x,x,x,x,x,x,x,x,P,x,My Lovely Sam Soon
My Mister,Viki,MDL,L,S,S,S,S,S,S,S,S,x,S,S,x,S,x,S,S,S,S,x,S,S,S,x,My Mister
My Only One,Viki,MDL,,P,x,P,P,x,x,x,x,x,x,x,x,S,x,x,x,x,x,x,x,x,P,x,My Only One
My Princess,Viki,MDL,L,x,x,x,S,S,S,S,S,x,S,x,x,S,x,S,x,S,S,x,x,S,S,x,My Princess
My Romantic Some Recipe,Viki,MDL,,P,x,P,P,x,x,x,x,x,x,x,x,P,x,x,x,x,x,x,x,x,P,x,My Romantic Some Recipe
My Sassy Girl,Viki,MDL,L,S,S,S,S,S,S,S,S,x,S,S,x,S,x,S,S,S,S,x,S,S,S,x,My Sassy Girl
My Secret Hotel,Viki,MDL,,S,S,S,S,S,S,S,S,x,S,S,x,S,x,S,x,S,S,x,S,S,S,x,My Secret Hotel
My Secret Romance,Viki,MDL,L,S,S,S,S,S,S,S,S,S,S,S,x,S,S,S,S,S,S,S,S,S,S,x,My Secret Romance
My Secret Star,Viki,,,S,S,S,S,S,S,S,S,S,S,S,S,S,S,S,S,S,S,S,S,S,S,S,My Secret Star
My Strange Hero,Viki,MDL,L,P,S,P,P,S,S,S,S,x,S,S,x,S,x,S,S,S,S,x,x,S,P,x,My Strange Hero
My Sweet Seoul,Viki,MDL,,P,x,P,P,x,x,x,x,x,x,x,x,P,x,x,x,x,x,x,x,x,P,x,My Sweet City
My Unfamiliar Family,Viki,MDL,L,S,S,S,S,S,S,S,S,x,S,S,x,S,x,S,S,S,S,x,S,S,S,x,My Unfamiliar Family
My Wife’s Having an Affair this Week,Viki,MDL,L,S,S,S,S,S,S,S,S,x,S,S,x,S,x,S,S,S,S,x,S,S,S,x,My Wife Is Having an Affair This Week
My Wonderful Life,Viki,MDL,,P,x,P,P,x,x,x,x,x,x,x,x,S,x,x,x,x,x,x,x,x,P,x,My Wonderful Life
Mysterious Freshman,Viki,,,P,x,P,P,x,x,x,x,x,x,x,x,P,x,x,x,x,x,x,x,x,P,x,Mysterious Freshman
Naked Fireman,Viki,MDL,,P,x,P,P,x,x,x,x,x,x,x,x,P,x,x,x,x,x,x,x,x,P,x,Naked Fireman
Naughty Boy,Viki,MDL,,S,x,S,S,S,S,S,S,x,S,x,x,S,x,S,x,S,S,x,x,S,S,x,Naughty Boy
Never Twice,Viki,MDL,,P,x,P,P,x,x,x,x,x,x,x,x,P,x,x,x,x,x,x,x,x,P,x,Never Twice
New Heart,Viki,MDL,,P,x,P,P,x,x,x,x,x,x,x,x,P,x,x,x,x,x,x,x,x,P,x,New Heart
Next Door Witch J,Viki,,,S,S,S,S,S,S,S,S,x,S,S,x,S,x,S,S,S,S,x,S,S,S,x,Next Door Witch J
Nice Witch,Viki,MDL,,P,x,P,P,x,x,x,x,x,x,x,x,S,x,x,x,x,x,x,x,x,P,x,The Good Witch
Night Watchman's Journal,Viki,MDL,L,P,x,P,P,x,x,x,x,x,x,x,x,S,x,x,x,x,x,x,x,x,P,x,Diary of a Night Watchman
Nightmare Teacher,Viki,MDL,L,S,S,S,S,S,S,S,S,x,S,S,x,S,x,S,S,S,S,x,S,S,S,S,Nightmare Teacher
No Matter What,Viki,,,P,x,P,P,x,x,x,x,x,x,x,x,P,x,x,x,x,x,x,x,x,P,x,No Matter What
"Noble, My Love",Viki,MDL,L,S,S,S,S,S,S,S,S,S,S,S,x,S,S,S,S,S,S,S,S,S,S,x,"Noble, My Love"
Nobody Knows,Viki,MDL,,P,x,P,P,x,x,x,x,x,x,x,x,P,x,x,x,x,x,x,x,x,P,x,Nobody Knows
Number Six,Viki,MDL,L,S,S,S,S,S,S,S,S,x,S,S,x,S,x,S,S,S,S,x,S,S,S,x,Number Six
Obstetrics and Gynecology Doctors,Viki,MDL,,x,S,x,x,S,S,S,S,x,S,S,x,x,x,S,S,S,S,x,S,S,x,x,Obstetrics and Gynecology Doctors
Oh My Baby,Viki,MDL,L,S,S,S,S,S,S,S,S,x,S,S,x,S,x,S,S,S,S,x,S,S,S,x,Oh My Baby
Oh My Ghostess,Viki,MDL,L,S,S,S,S,S,S,S,S,x,S,S,x,S,x,S,S,S,S,x,S,S,S,x,Oh My Ghostess
Oh My Venus,Viki,MDL,L,S,x,S,S,S,x,S,S,S,x,S,x,S,S,S,x,S,S,S,S,S,S,x,Oh My Venus
Oh! My Lady,Viki,MDL,,P,x,P,P,x,x,x,x,x,x,x,x,P,x,x,x,x,S,x,x,x,P,x,Oh! My Lady
On Air,Viki,MDL,,P,x,P,P,x,S,x,x,x,x,x,x,P,x,x,x,x,S,x,x,x,P,x,On Air
Once Again,Viki,MDL,L,P,x,P,P,S,S,S,S,S,x,S,x,P,S,S,x,S,S,S,S,S,P,x,Once Again
One Fine Week,Viki,MDL,L,P,x,P,P,x,x,x,x,x,x,x,x,S,x,x,x,x,x,x,x,x,P,x,One Fine Week
One More Happy Ending,Viki,MDL,L,P,x,P,P,x,x,x,x,x,x,x,x,S,x,x,x,x,x,x,x,x,P,x,Happy Once Again
Orange Marmalade,Viki,MDL,,P,x,P,P,S,S,S,S,S,x,S,x,S,S,S,x,S,S,S,S,S,P,x,Orange Marmalade
Our Gap Soon,Viki,MDL,,P,S,P,P,S,S,S,S,x,S,S,x,S,x,S,S,S,S,x,S,S,P,x,Our Gap Soon
Padam Padam,Viki,MDL,L,S,S,S,S,S,S,S,S,x,S,S,x,S,x,S,S,S,S,x,S,S,S,x,Padam Padam
Page Turner,Viki,MDL,,P,x,P,P,S,S,S,S,x,x,S,x,S,x,S,x,S,S,x,S,S,P,x,Page Turner
Panda and Hedgehog,Viki,MDL,L,S,S,S,S,S,S,S,S,x,S,S,x,S,x,S,S,S,S,x,S,S,S,S,Panda and Hedgehog
Partner,Viki,MDL,,P,x,P,P,x,x,x,x,x,x,x,x,S,x,x,x,x,x,x,x,x,P,x,The Partner
Partners for Justice,Viki,MDL,,P,x,P,P,x,x,x,x,x,x,x,x,S,x,x,x,x,x,x,x,x,P,x,Partners for Justice
Partners for Justice 2,Viki,MDL,,P,x,P,P,x,x,x,x,x,x,x,x,S,x,x,x,x,x,x,x,x,P,x,Partners for Justice 2
Passionate Love,Viki,MDL,,x,S,x,x,S,S,S,S,x,S,S,x,x,x,S,S,S,S,x,S,S,x,x,Madly in Love
Pasta,Viki,MDL,,P,x,P,P,x,x,x,x,x,x,x,x,S,x,x,x,x,x,x,x,x,P,x,Pasta
Penthouse,Viki,,,P,x,P,P,S,S,S,S,x,S,S,x,P,x,S,x,S,S,x,S,S,P,x,Penthouse
Perfume,Viki,MDL,,P,x,P,P,x,x,x,x,x,x,x,x,S,x,x,x,x,x,x,x,x,P,x,Perfume
Personal Taste,Viki,MDL,L,S,S,S,S,S,S,S,S,x,S,S,x,S,x,S,S,S,S,x,S,S,S,x,Personal Taste
Phoenix 2020,Viki,,,P,x,P,P,S,S,S,S,x,S,S,x,P,x,S,x,S,S,x,S,S,P,x,Phoenix 2020
Pinocchio,Viki,MDL,L,P,S,P,P,S,S,S,S,x,S,S,x,S,x,S,S,S,S,x,S,S,P,x,Pinocchio
Player,Viki,MDL,L,S,x,S,S,x,x,x,x,x,x,x,x,S,x,x,x,x,x,x,x,x,S,x,The Player
Playful Kiss,Viki,MDL,L,S,S,S,S,S,S,S,S,S,S,S,x,S,S,S,S,S,S,S,S,S,S,S,Playful Kiss
"Please Come Back, Mister",Viki,MDL,L,P,S,P,P,S,S,S,S,x,S,S,x,P,x,S,S,S,S,x,S,S,P,x,Come Back Alive
Please Don't Date Him,Viki,,,P,x,P,P,x,x,x,x,x,x,x,x,P,x,x,x,x,x,x,x,x,P,x,Please Don't Date Him
Possessed,Viki,MDL,,P,x,P,P,x,x,x,x,x,x,x,x,S,x,x,x,x,x,x,x,x,P,x,Possessed
Prime Minister and I,Viki,MDL,L,P,x,P,P,x,x,x,x,x,x,x,x,P,x,x,x,x,x,x,x,x,P,x,Prime Minister and I
Protect the Boss,Viki,MDL,,P,S,P,P,S,S,S,S,x,S,S,x,P,x,S,S,S,S,x,S,S,P,x,Protect the Boss
Psychopath Diary,Viki,MDL,,S,S,S,S,S,S,S,S,x,S,S,x,S,x,S,S,S,S,x,S,S,S,x,Psychopath Diary
Puck!,Viki,MDL,,P,S,P,P,S,S,S,S,x,S,S,x,S,x,S,S,S,S,x,S,S,P,x,Puck
Punch,Viki,MDL,,P,S,P,P,S,S,S,S,x,S,S,x,P,x,S,S,S,S,x,S,S,P,x,Punch
Queen for Seven Days,Viki,MDL,,P,x,P,P,S,S,S,S,x,x,S,x,S,x,S,x,S,S,x,S,S,P,x,Queen for Seven Days
Queen Insoo,Viki,MDL,,S,S,S,S,S,S,S,S,x,S,S,x,S,x,S,S,S,S,x,S,S,S,x,Queen Insoo
Queen of Ambition,Viki,MDL,,x,S,x,x,S,S,S,S,x,S,S,x,x,x,S,S,S,S,x,S,S,x,x,Queen of Ambition
Queen of Housewives,Viki,MDL,,P,x,P,P,x,x,x,x,x,x,x,x,S,x,x,x,x,x,x,x,x,P,x,My Wife Is A Super Woman
Queen of Mystery,Viki,MDL,L,P,x,P,P,x,x,x,x,x,x,x,x,S,x,x,x,x,x,x,x,x,P,x,Queen of Mystery
Queen of Mystery 2,Viki,MDL,,P,x,P,P,x,x,x,x,x,x,x,x,S,x,x,x,x,x,x,x,x,P,x,Queen of Mystery 2
Queen of Reversals,Viki,MDL,,P,x,P,P,x,x,x,x,x,x,x,x,S,x,x,x,x,x,x,x,x,P,x,Queen of Reversal
Queen Seon Duk,Viki,MDL,L,P,x,P,P,x,x,x,x,x,x,x,x,S,x,x,x,x,x,x,x,x,P,x,The Great Queen Seondeok
Queen: Love and War,Viki,MDL,L,S,S,S,S,S,S,S,S,x,S,S,x,S,x,S,S,S,S,x,S,S,S,x,Queen: Love and War
Radio Romance,Viki,MDL,L,P,x,P,P,S,S,S,S,S,x,x,x,S,S,S,x,S,S,S,S,S,P,x,Radio Romance
Ready for Start,Viki,MDL,,P,x,P,P,x,x,x,x,x,x,x,x,S,x,x,x,x,x,x,x,x,P,x,Ready for Start
Rebel: Thief Who Stole the People,Viki,MDL,L,P,x,P,P,x,x,x,x,x,x,x,x,S,x,x,x,x,x,x,x,x,P,x,The Rebel
Remember: War of the Son,Viki,MDL,,P,S,P,P,S,S,S,S,S,S,S,x,P,S,S,S,S,S,x,S,S,P,x,Remember
Replay,Viki,,L,S,S,S,S,S,S,S,S,S,S,S,x,S,S,S,S,S,S,S,S,S,S,S,Replay
Reply 1988,Viki,MDL,L,S,S,S,S,S,S,S,S,x,S,S,x,S,x,S,S,S,S,x,S,S,S,x,Reply 1988
Reply 1994,Viki,MDL,,x,x,x,x,x,x,x,x,x,x,x,x,x,x,x,x,x,x,x,x,x,x,x,Reply 1994
Reply 1997,Viki,MDL,L,S,S,S,S,S,S,S,S,x,S,S,x,S,x,S,S,S,S,x,S,S,S,x,Reply 1997
"Reply PyeongChang, 100°F",Viki,MDL,,P,x,P,P,x,x,x,x,x,x,x,x,S,x,x,x,x,x,x,x,x,P,x,"Reply PyeongChang, 100°F"
Return,Viki,MDL,,P,x,P,P,x,x,x,x,x,x,x,x,S,x,x,x,x,x,x,x,x,P,x,Return
Reunited Worlds,Viki,MDL,L,P,S,P,P,S,S,S,S,S,S,S,x,S,S,S,S,S,S,S,S,S,P,x,Into the World Again
Revolutionary Love,Viki,MDL,L,S,S,S,S,S,S,S,S,x,S,S,x,S,x,S,S,S,S,x,S,S,S,x,Revolutionary Love
Revolutionary Sisters,Viki,,,P,x,P,P,x,x,x,x,x,x,x,x,P,x,x,x,x,x,x,x,x,P,x,Revolutionary Sisters
Rich Family's Son,Viki,MDL,,P,x,P,P,x,x,x,x,x,x,x,x,S,x,x,x,x,x,x,x,x,P,x,The Rich Son
Rich Man,Viki,MDL,L,S,S,S,S,S,S,S,S,x,S,S,x,S,x,S,S,S,S,x,S,S,S,S,"Rich Man, Poor Woman"
Riders: Catch Tomorrow,Viki,MDL,,S,S,S,S,S,S,S,S,x,S,S,x,S,x,S,S,S,S,x,S,S,S,S,Riders: Catch Tomorrow
Risky Romance,Viki,MDL,,P,x,P,P,x,x,x,x,x,x,x,x,P,x,x,x,x,x,x,x,x,P,x,Risky Romance
River Where the Moon Rises,Viki,,L,S,S,S,S,S,S,S,S,x,S,S,x,S,x,S,S,S,S,x,S,S,S,S,River Where the Moon Rises
Robber,Viki,MDL,,P,x,P,P,x,x,x,x,x,x,x,x,P,x,x,x,x,S,x,x,x,P,x,Robber
Romance,Viki,,,P,x,P,P,x,x,x,x,x,x,x,x,P,x,x,x,x,x,x,x,x,P,x,Romance
Romance Special Law,Viki,MDL,L,S,S,S,S,S,S,S,S,x,S,S,x,S,x,S,S,S,S,x,S,S,S,x,Special Laws of Romance
"Romantic Doctor, Teacher Kim",Viki,MDL,L,P,S,P,P,S,S,S,S,S,S,S,x,P,S,S,S,S,S,S,S,S,P,x,Dr. Romantic
"Romantic Doctor, Teacher Kim 2",Viki,MDL,L,P,S,P,P,S,S,S,S,S,S,S,x,P,S,S,S,S,S,S,S,S,P,x,Dr. Romantic 2
Rooftop Prince,Viki,MDL,L,P,S,P,P,S,S,S,S,x,S,S,x,P,x,S,S,S,x,x,S,S,P,x,Rooftop Prince
Room No. 9,Viki,MDL,,S,x,S,S,x,x,x,x,x,x,x,x,S,x,x,x,x,S,x,x,x,S,x,Room No. 9
Royal Family,Viki,MDL,,P,x,P,P,x,x,x,x,x,x,x,x,S,x,x,x,x,x,x,x,x,P,x,Royal Family
Rumor,Viki,,,P,x,P,P,x,x,x,x,x,x,x,x,P,x,x,x,x,x,x,x,x,P,x,Rumor
"Saimdang, Light’s Diary",Viki,MDL,,S,S,S,S,S,S,S,S,S,S,S,x,S,S,S,S,S,S,S,S,S,S,S,"Saimdang, Light’s Diary"
"Sang Du, Let's Go to School",Viki,,,P,x,P,P,x,x,x,x,x,x,x,x,P,x,x,x,x,x,x,x,x,P,x,"Sang Du, Let's Go to School"
Sassy Go Go,Viki,MDL,L,P,x,P,P,S,S,S,S,S,x,S,x,S,S,S,x,S,S,S,S,S,P,x,Cheer Up!
Scandal,Viki,MDL,L,P,x,P,P,x,x,x,x,x,x,x,x,S,x,x,x,x,x,x,x,x,P,x,Scandal
Scene Number Blue,Viki,,,P,x,P,P,x,x,x,x,x,x,x,x,P,x,x,x,x,x,x,x,x,P,x,Scene Number Blue
Scent of a Woman,Viki,MDL,,P,S,P,P,S,S,S,S,x,S,S,x,P,x,S,S,S,S,x,S,S,P,x,The Scent of a Woman
School 2013,Viki,MDL,L,P,x,P,P,S,S,x,S,S,x,S,x,S,S,S,x,S,S,S,x,S,P,x,School 2013
School 2017,Viki,MDL,L,S,x,S,S,S,S,S,S,S,x,S,x,S,S,S,x,S,S,S,S,S,S,x,School 2017
Scripting Your Destiny,Viki,,L,S,S,S,S,S,S,S,S,x,S,S,x,S,x,S,S,S,S,x,S,S,S,x,Scripting Your Destiny
Search,Viki,,,S,S,S,S,S,S,S,S,x,S,S,x,S,x,S,S,S,S,x,S,S,S,x,Search
Search: WWW,Viki,MDL,L,S,S,S,S,S,S,S,S,x,S,S,x,S,x,S,S,S,S,x,S,S,S,x,Search: WWW
Second to Last Love,Viki,MDL,,x,S,x,x,S,S,S,S,x,S,S,x,x,x,S,S,S,S,x,S,S,x,x,Second to Last Love
Secret Boutique,Viki,MDL,,P,x,P,P,x,x,x,x,x,x,x,x,P,x,x,x,x,x,x,x,x,P,x,Secret Boutique
Secret Door,Viki,MDL,,P,S,P,P,S,S,S,S,x,S,S,x,P,x,S,S,S,S,x,S,S,P,x,Secret Door
Secret Garden,Viki,MDL,L,P,S,P,P,S,S,S,S,x,S,S,x,S,x,S,S,S,S,x,S,S,P,x,Secret Garden
Secret Love,Viki,MDL,L,P,x,P,P,S,S,x,S,x,x,S,x,P,x,S,x,S,S,x,x,S,P,x,Secret Love
Secret Love Affair,Viki,MDL,L,S,S,S,S,S,S,S,S,x,S,S,x,S,x,S,S,S,S,x,S,S,S,x,Secret Love Affair
Secret Mother,Viki,MDL,,P,S,P,P,S,S,S,S,x,S,S,x,S,x,S,S,S,S,x,S,S,P,x,Secret Mother
Sell Your Haunted House,Viki,,L,P,x,P,P,S,S,S,S,S,x,S,x,P,S,S,x,S,S,S,S,S,P,x,Sell Your Haunted House
"Seo Yeong, My Daughter",Viki,,,P,x,P,P,x,x,x,x,x,x,x,x,P,x,x,x,x,x,x,x,x,P,x,"Seo Yeong, My Daughter"
Seonam Girls High School Investigators,Viki,MDL,,S,S,S,S,S,S,S,S,x,S,S,x,S,x,S,S,S,S,x,S,S,S,x,Seonam Girl’s High School Investigators
SF8,Viki,,,P,x,P,P,x,x,x,x,x,x,x,x,P,x,x,x,x,x,x,x,x,P,x,SF8
She Knows Everything,Viki,,,P,x,P,P,x,x,x,x,x,x,x,x,P,x,x,x,x,x,x,x,x,P,x,She Knows Everything
She Was Pretty,Viki,MDL,,P,x,P,P,x,x,x,x,x,x,x,x,P,x,x,x,x,x,x,x,x,P,x,She Was Pretty
Shine or Go Crazy,Viki,MDL,,P,x,P,P,x,x,x,x,x,x,x,x,S,x,x,x,x,x,x,x,x,P,x,Shine or Be Mad
Shining Inheritance,Viki,MDL,L,P,S,P,P,S,S,S,S,x,S,S,x,S,x,S,S,S,S,x,S,S,P,x,Shining Inheritance
Shopping King Louie,Viki,MDL,L,P,x,P,P,x,x,x,x,x,x,x,x,P,x,x,x,x,x,x,x,x,P,x,Shopaholic Louis
Short,Viki,MDL,L,S,S,S,S,S,S,S,S,x,S,S,x,S,x,S,S,S,S,x,S,S,S,x,Short
Should We Kiss First?,Viki,MDL,,P,x,P,P,x,x,x,x,x,x,x,x,S,x,S,x,x,x,x,x,x,P,x,Should We Kiss First
Sign,Viki,MDL,,P,x,P,P,x,x,x,x,x,x,x,x,P,x,x,x,x,x,x,x,x,P,x,Sign
Single & Ready to Mingle,Viki,,,S,S,S,S,S,S,S,S,x,S,x,x,S,x,S,S,S,S,x,S,S,S,x,Single & Ready to Mingle
Single Wife,Viki,MDL,L,S,S,S,S,S,S,S,S,x,S,S,x,S,x,S,S,S,S,x,S,S,S,S,Single Wife
Six Flying Dragons,Viki,MDL,L,x,S,x,x,S,S,S,S,x,S,S,x,x,x,S,S,S,S,x,S,S,x,x,Six Flying Dragons
Sketch,Viki,MDL,L,S,S,S,S,S,S,S,S,x,S,S,x,S,x,S,S,S,S,x,S,S,S,x,Sketch
SKY Castle,Viki,MDL,L,S,S,S,S,S,S,S,S,x,S,S,x,S,x,S,S,S,S,x,S,S,S,x,SKY Castle
So I Married the Anti-Fan,Viki,,L,S,S,S,S,S,S,S,S,x,S,S,x,S,x,S,S,S,S,x,S,S,S,x,So I Married the Anti-Fan
Solomon’s Perjury,Viki,MDL,,S,S,S,S,S,S,S,S,x,S,S,x,S,x,S,S,S,S,x,S,S,S,x,Solomon’s Perjury
Some Light,Viki,MDL,,P,x,P,P,x,x,x,x,x,x,x,x,S,x,x,x,x,x,x,x,x,P,x,Some Light
Something About 1 Percent,Viki,MDL,L,S,S,S,S,S,S,S,S,S,S,S,x,S,S,S,S,S,S,S,S,S,S,x,1% of Something
Something Happened in Bali,Viki,,,P,x,P,P,x,x,x,x,x,x,x,x,P,x,x,x,x,x,x,x,x,P,x,Something Happened in Bali
Soul Driver ,Viki,MDL,,P,x,P,P,x,x,x,x,x,x,x,x,S,x,x,x,x,x,x,x,x,P,x,Soul Driver 
Soul Mechanic,Viki,MDL,L,P,x,P,P,S,S,S,S,x,x,S,x,P,x,S,x,S,S,x,S,S,P,x,Fix You
Spark,Viki,MDL,,S,x,S,S,S,S,S,S,x,S,x,x,S,x,S,x,S,S,x,x,S,S,x,Spark
Special Labor Inspector Jo,Viki,MDL,,P,x,P,P,x,x,x,x,x,x,x,x,S,x,x,x,x,x,x,x,x,P,x,"Special Labor Inspector, Mr. Jo"
Splash Splash Love,Viki,MDL,L,P,x,P,P,x,x,x,x,x,x,x,x,S,x,x,x,x,x,x,x,x,P,x,Splash Splash Love
Spotlight,Viki,MDL,,P,x,P,P,x,x,x,x,x,x,x,x,S,x,x,x,x,x,x,x,x,P,x,Spotlight
Spring Turns to Spring,Viki,MDL,,P,x,P,P,x,x,x,x,x,x,x,x,S,x,x,x,x,x,x,x,x,P,x,Spring Turns to Spring
Spy,Viki,MDL,,x,x,x,x,S,S,S,S,x,x,x,x,x,x,S,x,S,S,x,S,S,x,x,Spy
Stairway to Heaven,Viki,MDL,,P,x,P,P,x,x,x,x,x,x,x,x,P,x,x,x,x,x,x,x,x,P,x,Stairway to Heaven
Star’s Lover,Viki,MDL,,P,x,P,P,x,x,x,x,x,x,x,x,S,x,x,x,x,x,x,x,x,P,x,Star’s Lover
Stranger Kim,Viki,,,S,S,S,S,S,S,S,S,S,S,S,x,S,S,S,S,S,S,S,S,S,S,x,Stranger Kim
Strong Woman Do Bong Soon,Viki,MDL,L,S,S,S,S,S,S,S,S,S,S,S,x,S,S,S,S,S,S,x,S,S,S,x,Strong Woman Do Bong Soon
Summer Guys,Viki,,L,S,S,S,S,S,S,S,S,x,S,S,x,S,x,S,S,S,S,x,x,S,S,x,Summer Guys
Sungkyunkwan Scandal,Viki,MDL,L,S,S,S,S,S,S,S,S,S,S,S,x,S,S,S,S,S,S,x,S,S,S,x,Sungkyunkwan Scandal
Surgeon Bong Dal Hee,Viki,MDL,,P,x,P,P,x,x,x,x,x,x,x,x,P,x,x,x,x,x,x,x,x,P,x,Surgeon Bong Dal Hee
Suspicious Partner,Viki,MDL,L,P,S,P,P,S,S,S,S,x,S,S,x,S,x,S,S,S,S,x,S,S,P,x,Suspicious Partner
Sweden Laundry,Viki,MDL,L,x,S,x,x,S,S,S,S,S,S,S,x,x,S,S,S,S,S,S,S,S,x,S,Sweden Laundry
Sweet Munchies,Viki,MDL,L,S,S,S,S,S,S,S,S,x,S,S,x,S,S,S,S,S,S,x,S,S,S,x,Sweet Munchies
Sweet Revenge,Viki,MDL,,S,S,S,S,S,S,S,S,x,S,x,x,S,x,S,S,S,S,x,S,S,S,x,Revenge Note 1
Sweet Revenge Season 2,Viki,MDL,,S,S,S,S,S,S,S,S,x,S,x,x,S,x,S,S,S,S,x,S,S,S,x,Revenge Note 2
Sweet Stranger and Me,Viki,MDL,,P,x,P,P,x,x,x,x,x,x,x,x,S,x,x,x,x,x,x,x,x,P,x,Sweet Stranger and Me
"Sweet, Savage Family",Viki,MDL,,P,x,P,P,x,x,x,x,x,x,x,x,S,x,x,x,x,x,x,x,x,P,x,My Sweet and Sour Family
Switch: Change the World,Viki,MDL,,P,S,P,P,S,S,S,S,x,S,S,x,S,x,S,S,S,S,x,S,S,P,x,Switch
Syndrome,Viki,MDL,,S,S,S,S,S,S,S,S,x,S,S,x,S,x,S,S,S,S,x,S,S,S,x,Syndrome
"Take Care of Us, Captain",Viki,MDL,,P,S,P,P,S,S,S,S,x,S,S,x,P,x,S,S,S,S,x,S,S,P,x,"Take Care of Us, Captain"
Tale of the Nine-Tailed,Viki,,,S,S,S,S,S,S,S,S,x,S,S,x,S,x,S,S,S,S,x,S,S,S,x,Tale of the Nine-Tailed
Tamra the Island,Viki,MDL,L,S,S,S,S,S,S,S,S,S,S,S,x,S,S,S,S,S,S,S,S,S,S,S,Tamra the Island
Taxi Driver,Viki,,L,P,S,P,P,S,S,S,S,S,S,S,x,P,x,S,S,S,S,S,S,S,P,x,Taxi Driver
Tazza,Viki,MDL,,P,x,P,P,x,x,x,x,x,x,x,x,P,x,x,x,x,x,x,x,x,P,x,Tazza
Team Bulldog: Off-duty Investigation,Viki,MDL,,S,S,S,S,S,S,S,S,x,S,S,x,S,x,S,S,S,S,x,S,S,S,x,Team Bulldog: Off-duty Investigation
Tell Me What You Saw,Viki,MDL,L,S,S,S,S,S,S,S,S,x,S,S,x,S,x,S,S,S,S,x,S,S,S,x,Tell Me What You Saw
Temperature of Love,Viki,MDL,L,x,S,x,x,S,S,S,S,S,S,S,x,x,S,S,S,S,S,S,S,S,x,x,Degree of Love
Temptation,Viki,MDL,L,P,S,P,P,S,S,S,S,x,S,S,x,P,x,S,S,S,S,x,S,S,P,x,Temptation
Thank You,Viki,MDL,,P,x,P,P,x,x,x,x,x,x,x,x,P,x,x,x,x,x,x,x,x,P,x,Thank You
"That Winter, The Wind Blows",Viki,MDL,L,S,S,S,S,S,S,S,S,S,S,S,x,S,S,S,S,S,S,S,S,S,S,x,"That Winter, The Wind Blows"
The Banker,Viki,MDL,,P,x,P,P,x,x,x,x,x,x,x,x,S,x,x,x,x,x,x,x,x,P,x,The Banker
The Birth of a Married Woman,Viki,MDL,,P,x,P,P,x,x,x,x,x,x,x,x,P,x,x,x,x,x,x,x,S,P,x,The Birth of a Mrs
The Blue Sea,Viki,MDL,,S,x,S,S,S,S,S,S,x,S,x,x,S,x,S,x,S,S,x,x,S,S,x,The Blue Sea
The Bride of Habaek,Viki,MDL,L,S,S,S,S,S,S,S,S,x,S,S,x,S,x,S,S,S,S,x,S,S,S,x,Bride of the Water God
The Chaser,Viki,MDL,,P,x,P,P,x,x,x,x,x,x,x,x,P,x,x,x,x,x,x,x,x,P,x,The Chaser
The Color of a Woman,Viki,MDL,,S,S,S,S,S,S,S,S,x,S,S,x,S,x,S,S,S,S,x,S,S,S,S,The Color of a Woman
The Cravings,Viki,MDL,,P,x,P,P,x,x,x,x,x,x,x,x,S,x,x,x,x,x,x,x,x,P,x,The Cravings
The Cravings Season 2,Viki,MDL,,P,x,P,P,x,x,x,x,x,x,x,x,S,x,x,x,x,x,x,x,x,P,x,The Cravings 2
The Crowned Clown,Viki,MDL,L,S,x,S,S,S,S,S,S,x,S,x,x,S,x,S,x,S,S,x,S,S,S,x,The Crowned Clown
The Eccentric Daughter-in-Law,Viki,MDL,,P,x,P,P,S,S,S,S,x,x,S,x,P,x,S,x,S,S,x,x,S,P,x,The Virtual Bride
The Empress,Viki,MDL,,S,S,S,S,S,S,S,S,S,S,S,x,S,S,S,S,S,S,S,S,S,S,S,The Empress
The Facetale Season 1: Cinderia,Viki,MDL,,S,S,S,S,S,S,S,S,S,S,S,x,S,x,S,S,S,S,S,S,S,S,S,The Facetale: Cinderia
The Fiery Priest,Viki,MDL,,P,x,P,P,x,x,x,x,x,x,x,x,S,x,x,x,x,x,x,x,x,P,x,The Fiery Priest
The Game: Towards Zero,Viki,MDL,,P,x,P,P,x,x,x,x,x,x,x,x,P,x,x,x,x,x,x,x,x,P,x,The Game: Towards Zero
The Gentlemen of Wolgyesu Tailor Shop,Viki,MDL,,P,x,P,P,x,x,x,x,x,x,x,x,S,x,x,x,x,x,x,x,x,P,x,The Gentlemen of Wolgyesu Tailor Shop
The Ghost Detective,Viki,MDL,,P,x,P,P,x,x,x,x,x,x,x,x,S,x,x,x,x,x,x,x,x,P,x,The Ghost Detective
The Girl Who Sees Scents,Viki,MDL,L,P,S,P,P,S,S,S,S,x,S,S,x,S,x,S,S,S,S,x,S,S,P,x,The Girl Who Sees Smells
The Goddess of Revenge,Viki,,,S,S,S,S,S,S,S,S,x,S,S,x,S,x,S,S,S,S,x,S,S,S,x,The Goddess of Revenge
The Great Seducer,Viki,MDL,,P,x,P,P,x,x,x,x,x,x,x,x,S,x,x,x,x,x,x,x,x,P,x,Tempted
The Great Show,Viki,MDL,,S,S,S,S,S,S,S,S,x,S,S,x,S,x,S,S,S,S,x,S,S,S,x,The Great Show
The Greatest Love,Viki,MDL,,P,x,P,P,x,x,x,x,x,x,x,x,P,x,x,x,x,x,x,x,x,P,x,The Greatest Love
The Guardians,Viki,MDL,,P,x,P,P,x,x,x,x,x,x,x,x,S,x,x,x,x,x,x,x,x,P,x,The Guardian
The Happy Loner,Viki,,,P,x,P,P,x,x,x,x,x,x,x,x,P,x,x,x,x,x,x,x,x,P,x,The Happy Loner
The Heirs,Viki,MDL,L,S,S,S,S,S,S,S,S,S,S,S,x,S,S,S,S,S,S,S,S,S,S,x,Heirs
The Immortal Goddess,Viki,MDL,,P,x,P,P,x,x,x,x,x,x,x,x,S,x,x,x,x,x,x,x,x,P,x,The Immortal Goddess
The Incarnation of Money,Viki,MDL,,x,S,x,x,S,S,S,S,x,S,S,x,x,x,S,S,S,S,x,S,S,x,x,Incarnation of Money
The Innocent Man,Viki,MDL,L,P,x,P,P,S,S,x,S,S,x,S,x,S,S,S,x,S,S,S,x,S,P,x,The Innocent Man
The K2,Viki,MDL,L,S,S,S,S,S,S,S,S,x,S,S,x,S,x,S,S,S,S,x,S,S,S,x,The K2
The King in Love,Viki,MDL,,S,S,S,S,S,S,S,S,x,S,S,x,S,x,S,S,S,S,x,S,S,S,x,The King Loves
The King’s Face,Viki,MDL,L,P,x,P,P,S,S,S,S,x,x,x,x,P,x,S,x,S,S,x,S,S,P,x,The King’s Face
The Last Empress,Viki,MDL,L,S,S,S,S,S,S,S,S,S,S,S,x,S,S,S,S,S,S,S,S,S,S,x,The Last Empress
The Legend of the Blue Sea,Viki,MDL,L,S,S,S,S,S,S,S,S,x,S,S,x,S,x,S,S,S,S,x,S,S,S,x,The Legend of the Blue Sea
The Liar and His Lover,Viki,MDL,L,S,S,S,S,S,S,S,S,x,S,S,x,S,x,S,S,S,S,x,S,S,S,x,The Liar and His Lover
The Light in Your Eyes,Viki,MDL,L,S,S,S,S,S,S,S,S,x,S,S,x,S,x,S,S,S,S,x,S,S,S,x,Radiant
The Man in the Mask,Viki,MDL,L,P,x,P,P,S,S,S,S,x,x,S,x,S,x,S,x,S,S,x,S,S,P,x,The Man in the Mask
The Master of Revenge,Viki,MDL,,P,x,P,P,S,S,S,S,x,x,S,x,S,x,S,x,S,S,x,S,S,P,x,The Master of Revenge
The Master's Sun,Viki,MDL,L,P,S,P,P,S,S,S,S,x,S,S,x,S,x,S,S,S,S,x,S,S,P,x,Master’s Sun
The Merchant: Gaekju 2015,Viki,MDL,L,P,x,P,P,S,S,S,S,x,x,S,x,S,x,S,x,S,S,x,S,S,P,x,The Merchant: Gaekju 2015
The Mermaid Prince,Viki,,,P,x,P,P,x,x,x,x,x,x,x,x,P,x,x,x,x,x,x,x,x,P,x,The Mermaid Prince
The Miracle,Viki,MDL,,S,x,S,S,S,S,S,S,x,S,x,x,S,x,S,x,S,S,x,x,S,S,x,The Miracle
The Package,Viki,MDL,,S,S,S,S,S,S,S,S,x,S,S,x,S,x,S,S,S,S,x,S,S,S,x,The Package
The Penthouse 2,Viki,,L,P,S,P,P,S,S,S,S,S,S,S,x,P,x,S,S,S,S,S,S,S,P,x,The Penthouse 2
The Penthouse 3,Viki,,L,P,x,P,P,S,S,S,S,x,S,S,x,P,x,S,x,S,S,x,S,S,P,x,The Penthouse 3
The Producers,Viki,MDL,L,P,x,P,P,S,x,S,S,S,x,S,x,S,S,S,x,S,S,S,S,S,P,x,THE Producers
The Queen of Office,Viki,MDL,,P,x,P,P,x,x,x,x,x,x,x,x,P,x,x,x,x,x,x,x,x,P,x,The Queen of Office
The Return of Iljimae,Viki,MDL,L,P,x,P,P,x,x,x,x,x,x,x,x,S,x,x,x,x,x,x,x,x,P,x,Moon River
The Royal Gambler,Viki,MDL,,x,S,x,x,S,S,S,S,x,S,S,x,x,x,S,S,S,S,x,S,S,x,x,The Royal Gambler
The Running Mates: Human Rights,Viki,MDL,L,S,S,S,S,S,S,S,S,x,S,S,x,S,x,S,S,S,S,x,S,S,S,x,The Running Mates: Human Rights
The Scholar Who Walks the Night,Viki,MDL,,P,x,P,P,x,x,x,x,x,x,x,x,P,x,x,x,x,x,x,x,x,P,x,The Scholar Who Walks the Night
The Secret Life of My Secretary,Viki,MDL,L,P,S,P,P,S,S,S,S,S,S,S,x,S,S,S,S,S,S,S,S,S,P,x,The Secret Life of My Secretary
The Smile Has Left Your Eyes,Viki,MDL,L,S,x,S,S,S,S,S,S,x,S,x,x,S,x,S,x,S,S,x,S,S,S,x,The Smile Has Left Your Eyes
The Spring Day of My Life,Viki,MDL,,P,x,P,P,x,x,x,x,x,x,x,x,S,x,x,x,x,x,x,x,x,P,x,My Blooming Life
The Suspicious Housekeeper,Viki,MDL,L,x,S,x,x,S,S,S,S,x,S,S,x,x,x,S,S,S,S,x,S,S,x,x,The Suspicious Housemaid
The Sweet Blood,Viki,,L,S,S,S,S,S,S,S,S,x,S,S,x,S,x,S,S,S,S,x,S,S,S,x,The Sweet Blood
The Tale of Nokdu,Viki,MDL,L,S,S,S,S,S,S,S,S,S,x,S,x,S,S,S,S,S,S,S,S,S,S,x,The Tale of Nokdu
The Temperature of Language: Our Nineteen,Viki,,,S,S,S,S,S,S,S,S,x,S,S,x,S,x,S,S,S,S,x,S,S,S,x,The Temperature of Language: Our Nineteen
The Third Charm,Viki,MDL,,S,S,S,S,S,S,S,S,x,S,S,x,S,x,S,S,S,S,x,S,S,S,x,The Third Charm
The Time We Were Not in Love,Viki,MDL,L,x,S,x,x,S,S,S,S,x,S,S,x,x,x,S,S,S,S,x,x,S,x,x,The Time I’ve Loved You
The Undateables,Viki,MDL,L,P,S,P,P,S,S,S,S,S,S,S,x,S,S,S,S,S,S,S,x,S,P,x,The Undateables
The Vertex,Viki,,,P,x,P,P,x,x,x,x,x,x,x,x,P,x,x,x,x,x,x,x,x,P,x,The Vertex
The Village: Achiara's Secret,Viki,MDL,,P,S,P,P,S,S,S,S,x,S,S,x,S,x,S,S,S,S,x,x,S,P,x,The Village Achiara’s Secret
The Wind Blows,Viki,MDL,,S,S,S,S,S,S,S,S,x,S,S,x,S,x,S,S,S,S,x,x,S,S,x,The Wind Blows
The Woman Who Married Three Times,Viki,MDL,L,x,S,x,x,S,S,S,S,x,S,S,x,x,x,S,S,S,S,x,x,S,x,x,The Woman Who Married Three Times
The Woman Who Still Wants to Marry,Viki,MDL,L,P,x,P,P,x,x,x,x,x,x,x,x,S,x,x,x,x,x,x,x,x,P,x,"Still, Marry Me"
The World of My 17,Viki,,,S,S,S,S,S,S,S,S,x,S,S,x,S,x,S,S,S,S,x,S,S,S,x,The World of My 17
Thirty But Seventeen,Viki,MDL,L,S,S,S,S,S,S,S,S,S,S,S,x,S,S,S,S,S,S,S,S,S,S,x,Thirty But Seventeen
Thorn Birds,Viki,MDL,,P,x,P,P,x,x,x,x,x,x,x,x,S,x,x,x,x,x,x,x,x,P,x,The Thorn Birds
Thumping Spike,Viki,MDL,,S,S,S,S,S,S,S,S,S,S,S,x,S,x,S,S,S,S,x,S,S,S,S,Thumping Spike
Thumping Spike 2,Viki,MDL,,S,S,S,S,S,S,S,S,S,S,S,x,S,x,S,S,S,S,x,S,S,S,S,Thumping Spike 2
Time,Viki,MDL,L,P,x,P,P,x,x,x,x,x,x,x,x,S,x,x,x,x,x,x,x,x,P,x,Time
Times,Viki,,L,S,S,S,S,S,S,S,S,x,S,S,x,S,x,S,S,S,S,x,S,S,S,x,Times
Timing,Viki,MDL,,S,S,S,S,S,S,S,S,S,S,S,x,S,S,S,S,S,S,S,S,S,S,S,Timing
To My Beloved,Viki,MDL,,S,S,S,S,S,S,S,S,x,S,S,x,S,x,S,S,S,S,x,S,S,S,x,Beloved
To My Star,Viki,,L,S,S,S,S,S,S,S,S,x,S,S,x,S,x,S,S,S,S,x,x,S,S,S,To My Star
To The Beautiful You,Viki,MDL,L,P,S,P,P,S,S,S,S,x,S,S,x,S,x,S,S,S,S,x,S,S,P,x,To The Beautiful You